Country,Type,2008,2009,2010,2011,2012,2013,2014,2015,2016,2017
EU28,Total - all NACE activities,852120.92,801511.59,766673.43,755670.4,745561.83,744966.82,755054.37,753277.69,749239.03,758060.52
Belgium,Total - all NACE activities,23172.11,23555.91,25337.61,21350.37,21124.18,20682.14,21072.45,20545.49,19498.62,19750.56
Bulgaria,Total - all NACE activities,9990.41,8767.55,9843.53,9041.17,9089.63,9713.75,8769.24,8922.7,9533.76,9456.07
Czechia,Total - all NACE activities,16732.05,15492.82,14877.95,15617.99,15026.78,14937.38,15708,15718.31,16417.56,16342.64
Denmark,Total - all NACE activities,19327.23,18501.98,18130.13,18239.15,17889.1,17689.27,18174.78,18181.88,18650.81,18704.38
Germany,Total - all NACE activities,151338.95,148418.77,121375.07,125690.16,123621.79,125345.31,127603.51,129384.08,126397.85,126765.12
Estonia,Total - all NACE activities,2519.65,2362.1,2413.62,2429.3,2612.76,2608.58,2757.71,2859.3,2734.77,2755.56
Ireland,Total - all NACE activities,20906.33,20328.6,21468.44,20059.33,20623.74,22069.99,21539.94,21554.49,21983.2,22946.72
Greece,Total - all NACE activities,18451,17315.52,18043.79,17330.76,15936.73,14979.56,14295.54,14072.02,14204.16,13309.37
Spain,Total - all NACE activities,52465.1,52006.36,53056.97,50194.17,48605.82,50251.83,52593.96,52997.38,51847.93,54027.89
France,Total - all NACE activities,150327.61,145525.9,137668.62,132709.37,133107.83,132162.46,136465.59,135531.66,132619.05,132859.13
Croatia,Total - all NACE activities,8141.39,7384.87,7630.69,7871.07,7375.14,5630.94,5379.45,5773.79,5389.36,5105.82
Italy,Total - all NACE activities,63053.9,59511.63,57127.19,56732.5,57684.88,54638.41,53532.5,53129.26,54324.41,54705.91
Cyprus,Total - all NACE activities,912.73,900.44,951.97,895.69,867,782.72,767.19,789.74,814.88,816.09
Latvia,Total - all NACE activities,5573.02,5580.55,5690.95,5643.6,5867.28,5923.56,6040.6,6260.3,6219.08,6272.68
Lithuania,Total - all NACE activities,17429.87,10439.1,10180.58,11349.75,10744.72,9981.13,10504.61,10445.97,10031.08,10140.04
Luxembourg,Total - all NACE activities,1031.9,1028.64,1030.36,1029.24,978.9,1004.47,1001.21,1037.91,1059.43,999.24
Hungary,Total - all NACE activities,12770.89,11802.69,11561.03,12209.27,11997.69,13179.25,13662.95,13955.92,14474.07,15217.78
Malta,Total - all NACE activities,175.19,164.85,164.72,143.27,143.4,139.26,139.81,137.85,135.47,138
Netherlands,Total - all NACE activities,29119.88,28385.37,27406.97,26835.4,26286.51,26975.16,27444.51,28345.1,27505,28967.99
Austria,Total - all NACE activities,11914.58,11160.88,10455.75,10805.37,10552.76,10472.42,10733.68,10843.19,10981.49,10540.45
Poland,Total - all NACE activities,76720.67,66092.29,64955.15,66125.05,66394.88,66676.69,65312.91,62576.27,64416.1,67196.15
Portugal,Total - all NACE activities,11724.9,10721.8,10651,9763,9865.7,9871.2,10124,10063.5,10004.2,10269.88
Romania,Total - all NACE activities,26055.53,23763.39,24528.71,25662.68,23191.16,23784.21,22840.83,23282.58,23271.28,23116.43
Slovenia,Total - all NACE activities,2419.22,2442.46,2400.87,2425.99,2429.79,2333.34,2384.48,2461.99,2506,2422.97
Slovakia,Total - all NACE activities,9386.99,8306.21,7783.26,6481.69,6311.73,6100.62,6451.43,6106.79,6371.99,6319.39
Finland,Total - all NACE activities,19747.64,16951.21,15580,15212.63,15131.36,15349.15,15498.64,15547.25,15419.91,15332.49
Sweden,Total - all NACE activities,16258.57,15565.09,16166.82,16257.16,14776.1,15366.36,15814.94,15443.57,15606.79,15686.68
United Kingdom,Total - all NACE activities,74453.62,69034.6,70191.68,67565.26,67324.46,66317.66,68439.93,67309.42,66820.8,67895.08
Iceland,Total - all NACE activities,259.97,260.28,255.18,255.38,251.52,258.06,266.08,279.85,298.48,-1
Norway,Total - all NACE activities,10894.27,9032.42,8780.17,8695.35,8685.68,8532.18,8555,8687.43,8403.93,-1
Switzerland,Total - all NACE activities,7792.97,7657.09,7816.06,7686.83,7627.66,7483.78,7563.9,7421.48,7467.05,-1
Serbia,Total - all NACE activities,-1,-1,3284.73,3725.88,3884.97,4080.67,3309.2,-1,-1,-1
Turkey,Total - all NACE activities,75340.81,81673.35,84333.91,87534.39,89916.51,95398.89,95363.79,97164.07,104344.25,-1
EU28,"Agriculture, forestry and fishing",613478.19,598292.89,595935.73,601538.62,597138.57,606040.28,616742.06,613107.84,612740.4,618602.7
Belgium,"Agriculture, forestry and fishing",14100.36,14374.93,14073.24,13937.78,13455.22,13674.32,14049.83,13760.66,13171.1,13172.22
Bulgaria,"Agriculture, forestry and fishing",7179.01,7007.11,8067.34,7298.75,7728.09,8484.46,7506.27,7606.7,8322.36,8254.54
Czechia,"Agriculture, forestry and fishing",11095.3,10486.02,10276.22,10932.35,10394.97,10901.01,11505.28,11352,12179.44,11931.84
Denmark,"Agriculture, forestry and fishing",16561.73,15996.18,15563.42,15688.29,15463.07,15320.41,15829.95,15767.65,16040.74,16073.52
Germany,"Agriculture, forestry and fishing",99995.48,96699.93,95926.34,101167.27,99571.68,101211.1,103954.52,105404.63,102630.06,103076.05
Estonia,"Agriculture, forestry and fishing",2139.6,1963.51,1962.77,2009.56,2189.53,2178.36,2311.17,2403,2273.85,2371.9
Ireland,"Agriculture, forestry and fishing",19700.03,19174.01,20306.55,18949.96,19512.68,20982.41,20434.96,20446,20844.73,21802.67
Greece,"Agriculture, forestry and fishing",13634.95,12810.73,13494.18,12813.99,12028.77,12118.78,11363.27,11149.06,11359.2,10375.59
Spain,"Agriculture, forestry and fishing",36797.67,37122.5,39675.13,37975.15,37072.11,39495.39,41886.9,42156.61,41082.87,42798.8
France,"Agriculture, forestry and fishing",127821.63,125745.58,123269.58,121577.02,123095.81,122025.63,126039.48,124637.09,122231.83,122343.17
Croatia,"Agriculture, forestry and fishing",5154.59,4803.79,4491.81,4769.94,4590.08,4224.72,3968.82,4169.77,4377.27,4125.89
Italy,"Agriculture, forestry and fishing",42098.74,39569.06,38477.51,39759.97,41245.98,38445.95,37764.62,37718.09,39326.53,39602.7
Cyprus,"Agriculture, forestry and fishing",708.21,695.5,747.49,702.39,690.66,624.56,609.94,629.05,646.88,647.97
Latvia,"Agriculture, forestry and fishing",5175,5195.95,5287.16,5240.12,5455.36,5494.31,5587.44,5784.13,5740.01,5754.66
Lithuania,"Agriculture, forestry and fishing",7409,7759.15,7782.48,7957.52,8285.87,8295.52,8790.78,8985.62,8671.61,8706.82
Luxembourg,"Agriculture, forestry and fishing",782.82,786.22,792.75,812.65,779.58,796.48,782.38,796.71,821.31,759.43
Hungary,"Agriculture, forestry and fishing",11670.31,10677.76,10476.65,11148.84,10982.27,12084.69,12427.45,12717.93,13324.44,14007.82
Malta,"Agriculture, forestry and fishing",94.88,88.66,84.78,79.52,83.48,83.18,82.25,79.13,75.51,78.1
Netherlands,"Agriculture, forestry and fishing",21976.12,21044.59,20996.91,20292.15,19730.48,20366.82,20611.16,21219.55,21175.29,21132.3
Austria,"Agriculture, forestry and fishing",8763.7,8578.96,8107.95,8497.42,8353.47,8271.05,8609.85,8583.14,8879.63,8430.16
Poland,"Agriculture, forestry and fishing",56181.44,54945.2,53221.03,54643.02,54439.47,55633.24,54768.21,51726.29,53188.36,56184.09
Portugal,"Agriculture, forestry and fishing",7881,7694.6,7663.3,7632.9,7841.2,7999.4,8211.6,8056.3,8006.7,8170.28
Romania,"Agriculture, forestry and fishing",19128.77,18522.89,17580.24,18618.66,16875.72,19239.57,18677.97,19279.11,19359.51,19230.27
Slovenia,"Agriculture, forestry and fishing",1891,1934.47,1904.1,1854.85,1823.49,1804.83,1898.86,1912.26,1914.36,1910.09
Slovakia,"Agriculture, forestry and fishing",2972.34,2737.11,2791.81,2963.7,3079.96,3237.73,3526.73,3305.75,3562.61,3235.64
Finland,"Agriculture, forestry and fishing",12341.63,12237.95,12580.27,12407.21,12328.71,12366.8,12612.62,12555.99,12457.34,12452.63
Sweden,"Agriculture, forestry and fishing",11811.84,11035.75,11422.05,12574.98,11040.38,11725.18,12165.75,11787.12,11858.09,11858.4
United Kingdom,"Agriculture, forestry and fishing",48411.02,48604.76,48912.65,49232.67,49000.5,48954.4,50763.99,49118.5,49218.78,50115.17
Iceland,"Agriculture, forestry and fishing",176.13,182.91,181.54,183.24,181.37,180.84,183.11,182.73,183.22,-1
Norway,"Agriculture, forestry and fishing",6254.76,6084.11,5919.9,6054.49,6074.37,6128.27,6262.49,6336.1,6303.61,-1
Switzerland,"Agriculture, forestry and fishing",6422.17,6320.05,6438.3,6314.58,6258.73,6171.75,6338.93,6170.03,6191.46,-1
Serbia,"Agriculture, forestry and fishing",-1,-1,1152.7,1119.02,1219.19,1250.33,1207.94,-1,-1,-1
Turkey,"Agriculture, forestry and fishing",61092.92,65098.54,67015.41,69525.37,71621.49,76660.34,76023.63,79109.86,86604.84,-1
EU28,Mining and quarrying,3488.66,3346.17,3123.21,3187.83,3040.53,2809.53,2962.38,3083.82,3001.17,2985
Belgium,Mining and quarrying,28.64,20.28,31.84,33.92,28.34,21.38,23.51,18.27,17.79,17.8
Bulgaria,Mining and quarrying,5.19,3.87,3.96,3.73,4.18,3.73,5.11,5.44,5.04,5
Czechia,Mining and quarrying,61.11,52.19,55.23,55.23,53.95,53.05,54.34,54.94,57.13,57.79
Denmark,Mining and quarrying,248.49,170.3,225.4,157.33,145.97,169.42,164.51,179.32,183.92,185.51
Germany,Mining and quarrying,718.3,682.9,608.56,620.14,530.6,493.48,480.92,501.5,517.1,505.86
Estonia,Mining and quarrying,1.79,0.6,0.56,1.91,1.24,0.83,1.25,1.29,1.26,1.03
Ireland,Mining and quarrying,7.2,5.72,4.56,4.63,4.17,4.69,5.79,6.2,5.82,5.92
Greece,Mining and quarrying,27.54,20.18,23.67,21.77,16.28,14.44,10.32,9.78,8.76,8.05
Spain,Mining and quarrying,73.39,89.47,94.05,78.44,82.62,81.16,71.27,43.3,40.97,49.15
France,Mining and quarrying,89.42,83.29,83.19,51.11,55.17,65.37,71.83,71.67,77.52,79.36
Croatia,Mining and quarrying,0.76,0.98,1.1,0.79,0.62,0.65,0.54,0.67,0.63,0.65
Italy,Mining and quarrying,333.36,444.49,324.56,521.75,510.77,525.42,577.34,555.95,482.77,486.16
Cyprus,Mining and quarrying,1.26,1.17,1.05,1.3,0.67,0.39,0.41,0.37,0.48,0.2
Latvia,Mining and quarrying,0.5,0.42,0.39,0.42,0.44,0.52,0.48,0.6,0.83,0.89
Lithuania,Mining and quarrying,0.79,0.49,0.48,0.51,0.5,0.65,0.7,0.63,0.61,0.62
Luxembourg,Mining and quarrying,0.08,0.07,0.08,0.08,0.08,0.09,0.12,0.19,0.17,0.18
Hungary,Mining and quarrying,2.29,3.09,2.65,3.63,3.05,1.95,2.97,2.99,3.05,3.21
Malta,Mining and quarrying,0.07,0.05,0.05,0.05,0.05,0.05,0.05,0.05,0.05,0.05
Netherlands,Mining and quarrying,29.14,25.05,28.22,26.51,26.91,30.82,32.1,31.1,34.34,34.39
Austria,Mining and quarrying,5.16,5.09,5.47,4.76,4.22,3.66,2.57,2.35,2.37,2.37
Poland,Mining and quarrying,27.3,19.43,14,16.76,13.82,13.06,12.61,14.87,13.51,14
Portugal,Mining and quarrying,6.1,5.7,5.9,6.2,5.4,5,5.2,5.6,5.5,5.6
Romania,Mining and quarrying,8.68,7.54,7.67,7.91,7.64,7.42,7.31,6.99,4.84,4.81
Slovenia,Mining and quarrying,4.86,4.15,3.46,2.93,2.49,2.78,2.54,2.76,2.55,2.53
Slovakia,Mining and quarrying,2.89,2.86,2.82,2.72,3.21,4.15,2.8,2.55,2.38,4.12
Finland,Mining and quarrying,7.55,6.83,7.03,7.15,6.9,6.51,6.25,6.18,6.46,6.31
Sweden,Mining and quarrying,23.64,19.38,25.82,26.52,29,27.24,30.21,28.89,29.98,32.37
United Kingdom,Mining and quarrying,1773.16,1670.57,1561.44,1529.62,1502.22,1271.61,1389.3,1529.36,1495.33,1471.68
Iceland,Mining and quarrying,0.03,0.02,0.02,0.02,0.02,0.02,0.02,0.03,0.03,-1
Norway,Mining and quarrying,55.08,43.71,47,48.49,47.98,51.35,50.03,48.61,47.39,-1
Switzerland,Mining and quarrying,1.59,1.66,1.89,1.93,2.02,2.04,2,2.04,2.43,-1
Serbia,Mining and quarrying,-1,-1,56.99,67.48,43.82,56.94,38.05,-1,-1,-1
Turkey,Mining and quarrying,29.23,29.03,29.43,29.78,34.79,36.97,38.35,39.31,41.34,-1
EU28,Manufacturing,135331.53,104384.76,70036.48,54258.16,48210.53,40543.82,40262.07,40539.29,37199.05,39063.04
Belgium,Manufacturing,7157.59,7191.38,9098.19,5226.35,5496.39,4807.7,4546.32,4151.34,3848.34,4099.06
Bulgaria,Manufacturing,104.14,35.27,35.8,40.8,42.51,38.46,38.08,40.84,43.15,42.8
Czechia,Manufacturing,2513.13,1978.11,1535,1671,1689.96,1140.45,1257.29,1364.99,1121.12,1235.33
Denmark,Manufacturing,208.99,171.7,183.73,178.78,159.38,147.44,145.28,148.87,145.6,146.85
Germany,Manufacturing,33505.44,34475.55,7632.9,6529.15,5470.58,5645.26,5462.32,5648.19,5390.34,5467.55
Estonia,Manufacturing,64.39,59.37,40.25,103.31,78.71,98.31,110.23,112.31,107.33,92.07
Ireland,Manufacturing,71.55,59.48,60.27,47.2,46.41,50.29,57.76,57.47,53.65,54.88
Greece,Manufacturing,2128.86,1919.61,2076.01,2160.85,1603.7,679.32,712.64,723.5,671.6,688.45
Spain,Manufacturing,4804.16,4399.48,3227.19,2280.07,2113.97,2120.83,2048.66,2084.03,2139.12,2252.13
France,Manufacturing,16188.36,13735.9,8269.31,5176.59,3866.07,3823.46,4438.54,4813.52,4054.17,4080.42
Croatia,Manufacturing,2461.44,2069.44,2641.38,2604.54,2277.98,892.4,941.7,1110.38,473.41,436.65
Italy,Manufacturing,8124.62,7607.24,6115.1,4849.07,4158.88,3754.4,3384.45,3485.69,3265.29,3288.22
Cyprus,Manufacturing,22.57,20.17,19.69,16.6,12.89,11.73,14.03,14.69,15.28,19.45
Latvia,Manufacturing,35.68,43.45,52.53,60.93,68.15,69.78,80.03,85.19,77.92,77.79
Lithuania,Manufacturing,9430.49,2158.39,1904.4,2897.29,1968.43,1171.65,1154.4,904.9,742.88,803.94
Luxembourg,Manufacturing,14.29,11.44,13.27,12.16,11.4,11.49,12.54,11.69,11.63,11.95
Hungary,Manufacturing,74.95,98.8,84.97,107.86,122.86,185.8,277.81,241.38,175.45,234.22
Malta,Manufacturing,3.22,2.47,2.07,2.07,2.7,1.98,1.38,1.11,2.34,1.25
Netherlands,Manufacturing,4725.47,4899.05,3962.42,4046.25,4012.36,4080.37,4283.75,4435.84,3605.61,5162.88
Austria,Manufacturing,1348.72,834.23,521.62,480.82,502.45,521.83,489.72,487.42,460.69,460.76
Poland,Manufacturing,13602.31,4126.58,4395.6,4113.44,4476.35,3603.25,3208.38,3292.78,3572.65,3134.65
Portugal,Manufacturing,2180.1,1403.6,1428.2,558.6,544.3,494.9,520.6,484.6,435.3,443.64
Romania,Manufacturing,3774.53,2394.56,4100.51,4099.68,3492.84,1834.55,1491.37,1257.56,1235.02,1226.78
Slovenia,Manufacturing,34.45,30.62,33.26,29.79,27.06,29.67,35.15,33.76,33.35,28.37
Slovakia,Manufacturing,5229.02,4446.32,3856.41,2357.37,2002.83,1522.9,1635.31,1546.52,1547.79,1685.73
Finland,Manufacturing,5634.86,3024.87,1042.43,933.8,1030.54,1203.1,1174.58,1377.76,1285.72,1233.28
Sweden,Manufacturing,1660.24,1738.99,1806.96,918.91,1003.79,931.02,960.59,882.75,943.69,918.48
United Kingdom,Manufacturing,10227.97,5448.7,5897.02,2754.88,1927.04,1671.47,1779.15,1740.19,1740.61,1735.45
Iceland,Manufacturing,4.33,4.2,3.69,3.28,3.39,3.61,2.19,3.89,4.05,-1
Norway,Manufacturing,3602.4,1928.12,1788.34,1640.1,1581.63,1411.38,1331.48,1364.06,1139.38,-1
Switzerland,Manufacturing,301.07,270.52,280.63,258.35,255.68,179.57,101.72,102.33,107.4,-1
Serbia,Manufacturing,-1,-1,1430.82,1827.37,1927.95,2030.37,1431.03,-1,-1,-1
Turkey,Manufacturing,3710.91,5461.72,6582.13,6867.06,7062.59,7086.22,7204.95,6057.09,5318.44,-1
EU28,"Electricity, gas, steam and air conditioning supply",28023.85,25637.97,26424.3,26253.21,26433.99,25403.7,24009.67,24005.71,22702.85,22783.19
Belgium,"Electricity, gas, steam and air conditioning supply",315.59,319.29,332.3,313.97,325.97,341.94,264.95,305.29,295.37,295.4
Bulgaria,"Electricity, gas, steam and air conditioning supply",2506.31,1548.06,1564.76,1518.36,1124.88,1021.78,1045.48,1080.4,964.96,957.09
Czechia,"Electricity, gas, steam and air conditioning supply",784.24,748.38,791.23,783.31,752.63,706.24,700.42,694.67,707.04,712.12
Denmark,"Electricity, gas, steam and air conditioning supply",298.52,309.49,330.99,281.52,261.98,278.83,247.74,220.62,241.26,229.07
Germany,"Electricity, gas, steam and air conditioning supply",9239.3,8834.85,9380.66,9429.96,9507.68,9322.5,9020.5,8827.78,8728.57,8547.46
Estonia,"Electricity, gas, steam and air conditioning supply",10.24,12.76,76.24,14.63,24.89,58.88,31.69,32.26,31.04,34.54
Ireland,"Electricity, gas, steam and air conditioning supply",480.42,461.56,480.72,438.45,445.31,411.03,410.9,403.96,462.07,464.77
Greece,"Electricity, gas, steam and air conditioning supply",572.18,552.93,517.33,525.9,535.98,474.39,446.89,390.17,311.73,388.1
Spain,"Electricity, gas, steam and air conditioning supply",2786.41,2445.86,1958.23,2019.26,1872.92,1491.39,1489.45,1633.36,1370.18,1644.25
France,"Electricity, gas, steam and air conditioning supply",628.45,617.95,653.32,541.37,596.94,540.69,343.59,408.23,499.66,524.96
Croatia,"Electricity, gas, steam and air conditioning supply",83.42,69.06,72,76.55,73.56,71.57,60.74,64.6,76.69,74.43
Italy,"Electricity, gas, steam and air conditioning supply",1213.11,1081.77,1117.7,1229.58,1309.5,1412.45,1278.53,1220.21,1143.41,1151.43
Cyprus,"Electricity, gas, steam and air conditioning supply",30.49,31.02,30.26,29.34,27.3,22.23,23.21,23.22,25.21,25.21
Latvia,"Electricity, gas, steam and air conditioning supply",23.24,22.54,25.94,23.48,27.85,41.52,48.56,53.1,66.84,76.75
Lithuania,"Electricity, gas, steam and air conditioning supply",44.22,51.31,52.69,46.58,60.31,69.29,83.05,106.8,111.2,101.67
Luxembourg,"Electricity, gas, steam and air conditioning supply",7.9,7.9,7.4,7.6,7.4,6.8,8.8,9.6,9.5,9.59
Hungary,"Electricity, gas, steam and air conditioning supply",253.11,249.46,251.12,221.1,204.6,207.02,215.29,217.78,206.84,211.19
Malta,"Electricity, gas, steam and air conditioning supply",13.86,12.6,11.98,12.2,13.17,10.62,10.28,5.18,3.33,5.68
Netherlands,"Electricity, gas, steam and air conditioning supply",425.64,454.25,461.34,427.29,457.2,432.94,459.96,559.28,524.69,455.44
Austria,"Electricity, gas, steam and air conditioning supply",298.62,303.07,362.01,370.98,371.2,361.08,332.94,347.08,329.33,329.27
Poland,"Electricity, gas, steam and air conditioning supply",2527.37,2496.89,2609.3,2657.38,2696.8,2638.9,2536.73,2527.78,2434.61,2441.79
Portugal,"Electricity, gas, steam and air conditioning supply",462,462.4,394.3,427.9,385.4,286.2,279.3,385,389.7,475.68
Romania,"Electricity, gas, steam and air conditioning supply",538.74,450.19,428.68,514.79,470.26,366.25,374.75,379.76,304.8,302.77
Slovenia,"Electricity, gas, steam and air conditioning supply",99.53,91.21,93.02,95.04,90.7,87.75,68.18,72,77.12,76.73
Slovakia,"Electricity, gas, steam and air conditioning supply",121.4,117.48,120.97,126.33,135.05,140.84,141.75,146.6,137.33,134.77
Finland,"Electricity, gas, steam and air conditioning supply",902.11,860.01,1086.12,991.61,901.13,911.09,842.14,769.25,820.39,762.01
Sweden,"Electricity, gas, steam and air conditioning supply",795.18,825.49,932,820.8,824.95,864.5,794.83,834.08,791.81,815.65
United Kingdom,"Electricity, gas, steam and air conditioning supply",2562.26,2200.2,2281.7,2307.92,2928.41,2824.96,2449.02,2287.65,1638.16,1535.36
Iceland,"Electricity, gas, steam and air conditioning supply",0.14,0.1,0.09,0.09,0.1,0.11,0.14,0.13,0.1,-1
Norway,"Electricity, gas, steam and air conditioning supply",38.61,43.26,54.64,57.11,64.41,64.96,64.81,70.48,71.87,-1
Switzerland,"Electricity, gas, steam and air conditioning supply",20.04,21.97,22.13,26.26,29.68,31.75,31.06,26.68,28.3,-1
Serbia,"Electricity, gas, steam and air conditioning supply",-1,-1,405.17,455.99,423.32,448.86,351.04,-1,-1,-1
Turkey,"Electricity, gas, steam and air conditioning supply",4007.61,4517.55,4010.15,4237.85,3856.37,4068.03,4366.98,3878.76,4148.66,-1
EU28,"Water supply; sewerage, waste management and remediation activities",34121.45,34281.1,35447.81,34995.92,34997.41,35207.07,35462.18,35660.8,36258.88,36956.71
Belgium,"Water supply; sewerage, waste management and remediation activities",489.23,486.76,518.53,525.59,533,498.35,489.49,503.02,509,509.06
Bulgaria,"Water supply; sewerage, waste management and remediation activities",1.97,1.94,1.94,2.03,2.15,1.67,2.06,2.17,2.2,2.18
Czechia,"Water supply; sewerage, waste management and remediation activities",868.98,816.67,856.13,808.04,780.76,801.63,819.96,849.88,914.75,953.26
Denmark,"Water supply; sewerage, waste management and remediation activities",612.55,555.87,560.1,561.19,534.77,524.4,552.6,528.36,597.36,597.31
Germany,"Water supply; sewerage, waste management and remediation activities",3091.21,3173.91,3081.21,3239.16,3185.88,3188.55,3255.17,3281.57,3302.12,3296.38
Estonia,"Water supply; sewerage, waste management and remediation activities",146.18,156.39,153.17,137.68,142.53,150.23,136.86,141.67,154.45,139.03
Ireland,"Water supply; sewerage, waste management and remediation activities",319.88,319.05,319.11,314.31,316.83,318.06,319.39,321.13,329.64,329.7
Greece,"Water supply; sewerage, waste management and remediation activities",1091.07,1088.69,1116.06,1125.29,1132.05,1136.59,1135.29,1131.42,1144.24,1168.98
Spain,"Water supply; sewerage, waste management and remediation activities",4168.71,4212.92,4477.58,4454.27,4423.06,4327.45,4244.23,4295.55,4319.94,4327.34
France,"Water supply; sewerage, waste management and remediation activities",2351.7,2383.19,2460.42,2292.26,2337.93,2343.31,2279.82,2301.97,2348.52,2378.98
Croatia,"Water supply; sewerage, waste management and remediation activities",288.56,293.01,280.25,283.32,290.76,295.13,299.04,308.91,302.97,305.26
Italy,"Water supply; sewerage, waste management and remediation activities",6854.16,6709.62,7288.06,6727.52,6746.93,6996.15,7186.87,6977.33,6982.78,7031.82
Cyprus,"Water supply; sewerage, waste management and remediation activities",53.14,52.96,57.07,59.4,60.88,59.26,60.54,63.93,64.5,64.27
Latvia,"Water supply; sewerage, waste management and remediation activities",131.04,130.94,128.78,127.99,118.99,114.74,123.44,123.12,134.15,126.43
Lithuania,"Water supply; sewerage, waste management and remediation activities",206.78,197.87,187.38,177.37,174.65,176.64,181.3,182.82,220.83,228.4
Luxembourg,"Water supply; sewerage, waste management and remediation activities",61.81,62.61,61.92,55.12,44.41,44.31,46.41,40.21,42.11,43.1
Hungary,"Water supply; sewerage, waste management and remediation activities",462.64,474.35,448.15,435.08,406.95,393.89,394.66,399.25,393.2,393.5
Malta,"Water supply; sewerage, waste management and remediation activities",33.4,29.55,29.2,15.62,11.17,11.55,13.29,14.76,13.49,15.18
Netherlands,"Water supply; sewerage, waste management and remediation activities",824,831.51,803.29,818.94,827.87,810.99,804.98,853.62,914.83,917.8
Austria,"Water supply; sewerage, waste management and remediation activities",826.43,832.49,841.81,848.09,855.34,842.37,853.62,864.14,882.47,888.27
Poland,"Water supply; sewerage, waste management and remediation activities",2594.88,2721.58,2805.44,2791.5,2934.62,3056.34,3053.21,3186.64,3274.42,3369.71
Portugal,"Water supply; sewerage, waste management and remediation activities",828,834.2,840,819.5,796.4,793.4,784.5,796.8,813.7,815.21
Romania,"Water supply; sewerage, waste management and remediation activities",2094.3,1967.82,1961.24,1907.69,1874.69,1863.69,1849.39,1890.98,1864.6,1852.15
Slovenia,"Water supply; sewerage, waste management and remediation activities",134.81,137.24,136.5,140.37,139.55,141.24,142.37,143,143.47,143.55
Slovakia,"Water supply; sewerage, waste management and remediation activities",659.73,617.59,627.64,650.18,669.92,682.32,734.33,710.47,721.59,721.96
Finland,"Water supply; sewerage, waste management and remediation activities",441.44,433.1,439,447.65,439.62,442.94,454.86,435.2,421.16,420.72
Sweden,"Water supply; sewerage, waste management and remediation activities",826.08,842,827.56,858.35,824.15,811.97,795.09,783.22,797.13,821.12
United Kingdom,"Water supply; sewerage, waste management and remediation activities",3658.76,3917.29,4140.26,4372.41,4391.55,4379.91,4449.42,4529.67,4649.24,5096.05
Iceland,"Water supply; sewerage, waste management and remediation activities",25.55,26.45,26.97,26.9,26.16,27.3,28.77,29.25,30.35,-1
Norway,"Water supply; sewerage, waste management and remediation activities",238.61,244.75,240.61,245.7,250.59,250.22,256.24,266.7,266.11,-1
Switzerland,"Water supply; sewerage, waste management and remediation activities",650.15,652.7,667.56,676.19,657.88,683.54,680.12,701.5,712.15,-1
Serbia,"Water supply; sewerage, waste management and remediation activities",-1,-1,184.88,196.41,228.32,250.77,234.84,-1,-1,-1
Turkey,"Water supply; sewerage, waste management and remediation activities",5266.42,5357.91,5568.2,5705.56,5928.54,6029.32,6105.38,6185.91,6269.4,-1
EU28,Construction,4455.87,3919.06,3784.72,3672.86,3875.95,3567.82,3570.77,3841.86,3846.89,3812.83
Belgium,Construction,75.42,77.75,83.89,87.6,95.69,91.09,78.4,72.79,71.39,71.4
Bulgaria,Construction,8.49,8.16,8.29,8.87,9.85,7.58,10.5,13.44,10.7,10.61
Czechia,Construction,106.88,151.9,93.4,91.57,87.17,53.75,73.28,77.97,76.18,76.04
Denmark,Construction,44.69,41.09,48.53,55.1,51.46,44.01,50.44,54.78,57.91,58.77
Germany,Construction,285.87,295.59,299.7,319.82,252.54,274.02,283.45,303.62,315.85,306.38
Estonia,Construction,6.82,6.61,4.34,5.11,11.3,4.67,5.46,5.68,5.59,4.46
Ireland,Construction,12.1,9.15,8.97,15.03,13.66,13.42,13.36,14.07,13.49,13.91
Greece,Construction,14.65,4.3,2.54,3.23,4.1,4.85,6.35,8.76,8.82,8.11
Spain,Construction,39.58,31.95,28.74,25.23,22.82,13.29,13.21,14.46,16.67,20.02
France,Construction,1147.92,931.89,869.96,894.39,912.05,1007.65,922.11,890.9,987.13,1017.17
Croatia,Construction,59.57,59.42,57.5,56.49,67.42,67.77,39,51.88,79.73,83.56
Italy,Construction,125.22,174.41,159.17,203.02,180.27,142.46,150.45,161.52,159.15,160.27
Cyprus,Construction,11.82,10.75,10.59,9.29,6.73,5.26,4.56,5.07,5.81,3.2
Latvia,Construction,7.92,4.93,4.76,4.52,4.28,4.56,4.37,5.44,4.76,4.99
Lithuania,Construction,10.64,6.32,6.35,6.39,7.07,6.9,6.51,5.91,5.37,5.38
Luxembourg,Construction,43.8,36.3,37.8,34.8,27.7,25.5,27.2,28,23.6,24.71
Hungary,Construction,23.12,20.34,22.43,19.41,19.35,20.64,26.79,31.75,34,36.11
Malta,Construction,0.26,0.15,0.13,0.15,0.17,0.15,0.15,0.16,0.16,0.16
Netherlands,Construction,45.48,45.62,44.32,45.26,43.8,42.14,42.38,43.32,44.78,46.4
Austria,Construction,270.86,251.23,234.86,221.64,213.56,199.84,181.57,171.29,164.97,165.13
Poland,Construction,9.77,12.33,13.29,15,13.54,10.79,9.2,8.58,8.24,8.42
Portugal,Construction,36.1,34.6,35.8,31.2,24,19.8,20.4,21.5,22.4,22.91
Romania,Construction,27.57,27.6,25.39,26.06,29.54,27.99,31.35,29.96,32.3,32.08
Slovenia,Construction,53.37,42.24,26.43,20.77,21.64,18.34,17.24,19.07,19.42,19.62
Slovakia,Construction,20.27,18.52,16.9,16.37,17.3,20.08,14.5,13.1,13.25,17.77
Finland,Construction,22.78,24.45,27.98,26.46,26.13,29.16,26.08,26.93,29.22,27.79
Sweden,Construction,52.37,49.93,52.33,55.06,57.63,61.44,63,66.84,71.43,71.85
United Kingdom,Construction,1892.56,1541.55,1560.33,1375.03,1655.16,1350.69,1449.46,1695.06,1564.56,1495.6
Iceland,Construction,16.44,12.27,9.89,8.7,8.93,8.73,11.28,9.33,10.63,-1
Norway,Construction,29.95,29.3,29.5,29.27,31.6,32.14,32.42,33.03,32.97,-1
Switzerland,Construction,40.14,41.83,42.95,42.87,44.46,45.86,44.24,44.07,44.48,-1
Serbia,Construction,-1,-1,2.49,3.16,2.96,2.77,2.95,-1,-1,-1
Turkey,Construction,137.51,138.42,142.71,145.48,159.13,165.15,169.17,172.3,177.6,-1
EU28,Wholesale and retail trade; repair of motor vehicles and motorcycles,1995.36,2017.95,2094.71,2116.22,2050.72,2087.51,2167.06,2294.16,2340.15,2381.72
Belgium,Wholesale and retail trade; repair of motor vehicles and motorcycles,47.59,41.63,32.95,34.31,36.09,36.14,38.77,35.51,35.38,35.35
Bulgaria,Wholesale and retail trade; repair of motor vehicles and motorcycles,9.52,8.84,8.93,9.88,10.32,9.65,11.65,13.37,14.45,14.33
Czechia,Wholesale and retail trade; repair of motor vehicles and motorcycles,40.5,65.98,51.77,59.41,54.05,55.53,53.19,56.57,57.96,59.26
Denmark,Wholesale and retail trade; repair of motor vehicles and motorcycles,27.02,26.68,30.1,35.08,35.23,32.39,33.29,35.87,36.68,36.13
Germany,Wholesale and retail trade; repair of motor vehicles and motorcycles,449.83,464.69,480.79,493.79,473.63,490.47,540.44,563.32,585.19,593.27
Estonia,Wholesale and retail trade; repair of motor vehicles and motorcycles,8.89,12.44,7.99,16.26,22.17,6.9,12.44,12.76,12.31,12.57
Ireland,Wholesale and retail trade; repair of motor vehicles and motorcycles,32.7,32.51,27.69,27.24,26.48,28.21,29.82,33.58,27.17,27.34
Greece,Wholesale and retail trade; repair of motor vehicles and motorcycles,7.5,5.1,4.76,4.23,3.7,2.73,2.97,3.03,3.25,3.19
Spain,Wholesale and retail trade; repair of motor vehicles and motorcycles,31.17,37.12,27.71,28.65,28.97,26.34,22.9,23.62,26.04,26.32
France,Wholesale and retail trade; repair of motor vehicles and motorcycles,197.18,212.25,221.29,223.29,226.83,235.96,232.9,240.44,243.14,246.47
Croatia,Wholesale and retail trade; repair of motor vehicles and motorcycles,13.18,13.25,12.74,11.33,11.35,11.61,9.9,11.01,13.22,13.28
Italy,Wholesale and retail trade; repair of motor vehicles and motorcycles,205.05,196.45,174.08,172.02,165.48,168.85,162.91,152.64,146.84,147.87
Cyprus,Wholesale and retail trade; repair of motor vehicles and motorcycles,15.36,15.76,14.55,13.41,11.84,9.86,8.84,9.71,10.16,9.88
Latvia,Wholesale and retail trade; repair of motor vehicles and motorcycles,11.93,6.12,6.43,5.38,4.98,6.86,6.24,9.01,8.65,9.79
Lithuania,Wholesale and retail trade; repair of motor vehicles and motorcycles,4.04,2.66,2.24,2.4,2.2,2.54,2.41,2.52,2.7,2.84
Luxembourg,Wholesale and retail trade; repair of motor vehicles and motorcycles,2.5,2.3,3.5,3.7,4.32,5.72,2.9,3.88,3.73,3.82
Hungary,Wholesale and retail trade; repair of motor vehicles and motorcycles,27.11,28.57,30.39,32.52,34.81,36.67,43.3,56.28,55.11,49.83
Malta,Wholesale and retail trade; repair of motor vehicles and motorcycles,1.05,0.78,0.7,0.7,0.89,0.68,0.51,0.48,0.84,0.64
Netherlands,Wholesale and retail trade; repair of motor vehicles and motorcycles,69.99,74.37,76.44,78.56,84.49,88.49,87.76,90.19,92.75,94.28
Austria,Wholesale and retail trade; repair of motor vehicles and motorcycles,25.6,26.05,27.78,31.59,10.88,14.41,12.49,36.29,16.56,16.69
Poland,Wholesale and retail trade; repair of motor vehicles and motorcycles,270.05,258.08,281.85,271.21,240.12,208.91,204.49,221.36,238.89,261.56
Portugal,Wholesale and retail trade; repair of motor vehicles and motorcycles,47.1,46.3,45.2,62.2,50.9,49.9,57.8,56.5,57.3,58.11
Romania,Wholesale and retail trade; repair of motor vehicles and motorcycles,37.12,34.19,32.44,32.52,34.57,33.25,38.25,36.11,37.74,37.48
Slovenia,Wholesale and retail trade; repair of motor vehicles and motorcycles,0,0,0,0,0,0,0,0,0,0
Slovakia,Wholesale and retail trade; repair of motor vehicles and motorcycles,32.05,31.27,30.64,29.15,33.61,44.36,29.61,25.74,26.37,35.52
Finland,Wholesale and retail trade; repair of motor vehicles and motorcycles,2.44,2.13,4.91,3.45,3.97,3.21,3.99,3.88,4.21,4.34
Sweden,Wholesale and retail trade; repair of motor vehicles and motorcycles,29.01,27.86,30.18,33.56,35.83,37.74,39.44,40.74,42.82,43.47
United Kingdom,Wholesale and retail trade; repair of motor vehicles and motorcycles,349.89,344.59,426.66,400.37,403.03,440.12,477.84,519.77,540.71,538.08
Iceland,Wholesale and retail trade; repair of motor vehicles and motorcycles,1.48,1.3,1.11,1.01,1.08,1.09,0.98,1.04,1.05,-1
Norway,Wholesale and retail trade; repair of motor vehicles and motorcycles,7.19,7.09,6.99,7.37,7.51,7.16,6.76,6.66,6.49,-1
Switzerland,Wholesale and retail trade; repair of motor vehicles and motorcycles,36.98,38.3,40.97,40.33,40.94,39.13,36.28,35.86,37.56,-1
Serbia,Wholesale and retail trade; repair of motor vehicles and motorcycles,-1,-1,9.43,10.89,7.1,7.97,8.23,-1,-1,-1
Turkey,Wholesale and retail trade; repair of motor vehicles and motorcycles,40.07,38.62,37.55,37.3,51.17,57.21,60.9,96.62,102.33,-1
EU28,Transportation and storage,17873.61,16661.93,17261,17583.34,18085.92,18155.89,18918.79,20038.55,20392.95,20664.67
Belgium,Transportation and storage,549.12,635.12,764.98,785.32,759.12,824.3,1170.81,1257.41,1167.24,1167.34
Bulgaria,Transportation and storage,150.19,134.46,133.86,140.5,151.26,135.77,137.35,154.76,164.92,163.57
Czechia,Transportation and storage,460.42,373.28,410.4,408.21,402.37,414.56,424.07,447.52,465.57,477.29
Denmark,Transportation and storage,1249.73,1138.86,1105.54,1187.63,1155.11,1084.21,1062.09,1155.15,1253.46,1282.36
Germany,Transportation and storage,3035.85,2814.02,2973.69,2864.42,3770.96,3879.13,3787.7,3987.2,4027.24,4085.83
Estonia,Transportation and storage,75.45,76.06,110.6,75.44,75.37,59.38,64.11,62.48,64.73,58.48
Ireland,Transportation and storage,130.37,114.83,108.73,109.42,104.51,109.81,114.5,120.2,89.97,90.18
Greece,Transportation and storage,874.14,800.9,714.54,581.18,477.3,439.53,480.77,531.42,575.72,553.62
Spain,Transportation and storage,1188.55,1172.19,1207.93,1270.25,1324.88,1319.97,1421.96,1612.82,1647.49,1703.41
France,Transportation and storage,1045.71,990.66,1036.41,1149.75,1206.72,1286.19,1297.31,1308.91,1319.12,1323.73
Croatia,Transportation and storage,64.49,60.3,58.82,54.69,50.82,54.46,47.87,43.78,51.63,52.16
Italy,Transportation and storage,1703.16,1484.65,1517.58,1510.07,1440.93,1380.17,1417.64,1436.43,1436.35,1446.43
Cyprus,Transportation and storage,40.26,42.36,40.35,33.36,26.5,21.16,18,15.1,17.06,17.46
Latvia,Transportation and storage,153.72,144.34,152.22,150.74,154.05,159.18,158.98,169.25,153.92,190.18
Lithuania,Transportation and storage,293.26,216.38,218.21,233.43,222.24,233.68,259.09,232.43,252.08,264.95
Luxembourg,Transportation and storage,97.54,102.61,96.67,87.06,88.45,99.36,105.41,131.85,131.67,131.57
Hungary,Transportation and storage,198.4,194.28,187.97,179.2,166.09,190.31,213.84,214.88,209.37,216.85
Malta,Transportation and storage,24.87,27.85,33.48,30.64,28.74,28.81,30.35,35.67,37.03,35.35
Netherlands,Transportation and storage,731.5,727.86,764.89,817.36,840.55,857.04,876.42,879.52,880.37,892.56
Austria,Transportation and storage,218.92,213.08,222.83,230.92,160.16,164.4,160.35,237.67,155.03,156.79
Poland,Transportation and storage,810.55,793.87,849.3,856.16,822.13,788.55,799.16,852.06,910.89,974.31
Portugal,Transportation and storage,209.9,173.3,176.8,171,166.6,167.5,188.3,195.1,209,213.03
Romania,Transportation and storage,384.6,276.59,326.52,390.73,339.6,348.48,302.13,331.46,365.06,363.14
Slovenia,Transportation and storage,106.94,97.61,101.71,119.47,125.92,125.72,137.62,148.97,185.13,170.68
Slovakia,Transportation and storage,133.45,120.85,119.42,125.56,128.6,140.75,141.2,157.85,164.66,173.74
Finland,Transportation and storage,224.09,224.49,237.8,249.09,250.79,251.99,242.26,245.71,262.89,286.91
Sweden,Transportation and storage,600.23,606.57,601.29,584.64,578.37,577.47,610.74,650.72,696.5,749.24
United Kingdom,Transportation and storage,3118.19,2904.57,2988.46,3187.1,3067.81,3014.03,3248.78,3422.24,3498.85,3423.5
Iceland,Transportation and storage,33.84,31.05,29.79,30.08,28.57,34.47,37.67,51.33,66.65,-1
Norway,Transportation and storage,549.47,526.77,582.41,509.96,526.75,481.73,460.61,473.82,452.92,-1
Switzerland,Transportation and storage,175.45,172.28,179.08,199.91,210.72,215.48,218.95,230.84,238.79,-1
Serbia,Transportation and storage,-1,-1,17.47,16.88,14.93,14.49,16.27,-1,-1,-1
Turkey,Transportation and storage,952.55,931.89,851.75,890.04,1070.5,1148.24,1237.57,1253.8,1296.66,-1
EU28,Accommodation and food service activities,468.92,495.96,493.7,484.05,515.72,486.32,585.71,578.98,572.79,580.73
Belgium,Accommodation and food service activities,6.58,6.43,7.88,6.81,8.43,9.33,7.63,14.18,14.03,14.02
Bulgaria,Accommodation and food service activities,1.35,1.17,1.15,1.3,1.25,0.84,1.06,0.79,0.83,0.82
Czechia,Accommodation and food service activities,2.43,8.22,5.99,6.92,5.9,7.66,6.46,7.66,7.3,7.48
Denmark,Accommodation and food service activities,2.55,2.42,2.75,2.82,2.53,2.16,2.27,2.58,2.68,2.64
Germany,Accommodation and food service activities,30.16,27.23,32.93,33.13,28.73,29.12,26.91,29.18,30.55,30.92
Estonia,Accommodation and food service activities,2.97,5.09,2.78,7.73,5.34,2.41,8.67,8.83,8.43,8.48
Ireland,Accommodation and food service activities,3.56,2.83,2.4,1.91,1.9,1.81,1.8,1.75,1.61,1.62
Greece,Accommodation and food service activities,32.57,56.36,49.21,51.08,92.77,67.42,91.51,70.12,63.86,59.57
Spain,Accommodation and food service activities,7.72,6.95,4.37,4.89,4.73,4.43,4.06,3.97,4.38,4.43
France,Accommodation and food service activities,108.81,111.27,111.17,110.45,109.73,112.43,109.47,112.07,111.83,113.9
Croatia,Accommodation and food service activities,0.66,0.67,0.65,0.61,0.56,0.56,0.51,0.56,0.6,0.6
Italy,Accommodation and food service activities,133.47,144.32,140.35,133.32,124.93,122.08,126.84,128.44,128.31,129.21
Cyprus,Accommodation and food service activities,1.48,1.6,1.53,1.57,1.37,1.29,1.25,1.56,1.74,1.56
Latvia,Accommodation and food service activities,0.44,0.25,0.35,0.35,0.34,0.42,0.49,0.37,0.33,0.38
Lithuania,Accommodation and food service activities,0.5,0.45,0.44,0.52,0.44,0.46,0.43,0.33,0.36,0.38
Luxembourg,Accommodation and food service activities,0.11,0.13,0.15,0.13,0.18,0.24,0.25,0.27,0.31,0.32
Hungary,Accommodation and food service activities,1.19,1.22,1.23,1.3,1.23,1.21,1.25,1.5,1.47,1.53
Malta,Accommodation and food service activities,0.03,0.02,0.02,0.02,0.02,0.02,0.02,0.03,0.03,0.04
Netherlands,Accommodation and food service activities,3.69,3.64,4.15,3.64,3.96,4.02,3.73,3.91,4.33,4.43
Austria,Accommodation and food service activities,8.76,7.55,7.07,6.54,3.69,3.93,4.18,5.87,4.95,5
Poland,Accommodation and food service activities,11.7,11.55,12.89,13.64,14.05,13.34,13.63,14.64,15.94,17.56
Portugal,Accommodation and food service activities,6.9,8,8,8.7,9.7,9.8,10.1,10.3,10.4,10.56
Romania,Accommodation and food service activities,2.53,1.96,2.31,2.24,2.4,2.31,2.54,2.68,2.51,2.49
Slovenia,Accommodation and food service activities,0.69,0.75,0.63,0.54,0.39,0.42,0.2,0.22,0.26,0.25
Slovakia,Accommodation and food service activities,11.87,11.72,11.8,11.56,13.14,16.31,12.43,11.03,10.88,15.78
Finland,Accommodation and food service activities,17.87,17.88,17.93,17.98,18.14,18.16,90.88,81.08,82.67,86.4
Sweden,Accommodation and food service activities,1.57,1.47,1.52,1.46,1.59,1.68,1.68,1.81,1.92,1.94
United Kingdom,Accommodation and food service activities,66.76,54.81,62.05,52.86,58.28,52.45,55.45,63.24,60.28,58.46
Iceland,Accommodation and food service activities,0.16,0.16,0.16,0.15,0.18,0.18,0.19,0.2,0.21,-1
Norway,Accommodation and food service activities,0.76,0.73,0.74,0.74,0.74,0.73,0.64,0.62,0.59,-1
Switzerland,Accommodation and food service activities,8.96,8.17,8.91,7.47,7.93,7.77,6.77,6.94,7.43,-1
Serbia,Accommodation and food service activities,-1,-1,0.95,1.18,0.63,0.69,0.73,-1,-1,-1
Turkey,Accommodation and food service activities,2.09,2.01,1.95,1.94,2.67,2.99,3.18,13.83,14.11,-1
EU28,Information and communication,237.18,229.49,233.18,251.56,244.04,248.91,245.71,256.94,279.88,294.54
Belgium,Information and communication,4.44,5.17,5.59,5.13,5.61,5.85,7.45,9.82,9.39,9.38
Bulgaria,Information and communication,1.23,1,0.96,0.93,0.93,0.68,0.86,0.7,0.75,0.75
Czechia,Information and communication,5.29,5.14,5.99,5.82,5.66,4.67,5.13,5.07,24.9,25.52
Denmark,Information and communication,3.18,2.81,2.83,2.87,2.75,2.1,2.08,2.2,2.35,2.3
Germany,Information and communication,82.61,84.71,87.26,109.76,95.95,102.11,101.86,103.9,105.74,107.17
Estonia,Information and communication,0.6,0.87,0.65,0.37,0.41,0.43,0.53,0.55,0.55,0.56
Ireland,Information and communication,2.98,2.66,2.06,2.58,2.61,3.57,3.62,2.52,3.25,3.27
Greece,Information and communication,3.7,3.41,3.42,3.46,4.1,3.4,3.87,5.29,5.91,5.62
Spain,Information and communication,3.53,4.54,4.45,4.28,4.23,3.41,3.22,3.52,3.88,3.93
France,Information and communication,20.3,20.31,18.7,18.93,19.53,20.44,21.35,22.36,22.77,23.24
Croatia,Information and communication,1.54,1.56,1.5,1.31,1.25,1.23,1.17,1.27,1.35,1.37
Italy,Information and communication,6.41,6.39,5.95,5.49,5.24,5.21,4.78,5.11,4.92,4.96
Cyprus,Information and communication,0.52,0.54,0.55,0.56,0.59,0.51,0.51,0.51,0.57,1.04
Latvia,Information and communication,0.67,0.38,0.48,0.29,0.33,0.34,0.18,0.31,0.31,0.36
Lithuania,Information and communication,0.39,0.32,0.31,0.41,0.39,0.35,0.32,0.28,0.31,0.32
Luxembourg,Information and communication,0.69,0.98,1.59,1.4,0.52,0.54,0.52,0.68,0.61,0.63
Hungary,Information and communication,5.21,5.21,5.18,5.29,5.38,5.29,5.78,7.3,7.13,7.44
Malta,Information and communication,0.04,0.03,0.03,0.03,0.03,0.03,0.03,0.04,0.04,0.05
Netherlands,Information and communication,2.2,2.29,2.57,2.5,2.54,2.57,2.28,2.25,2.17,2.22
Austria,Information and communication,3.29,2.93,2.97,3.05,1.77,2.05,2.07,4.13,2.64,2.68
Poland,Information and communication,11.84,11.92,12.57,12.95,11.83,9.99,10.07,10.93,12,13.22
Portugal,Information and communication,3.1,2.1,2.1,1.7,1.6,1.6,1.6,1.5,1.7,1.73
Romania,Information and communication,5.86,4.9,5.03,4.92,5.2,4.93,5.65,5.54,5.45,5.41
Slovenia,Information and communication,0.09,0.09,0.08,0.06,0.04,0.04,0.04,0.04,0.05,0.04
Slovakia,Information and communication,17.68,17.52,17.9,16.93,20.32,27.52,18.33,15.59,15.84,26.6
Finland,Information and communication,1.58,1.22,1.13,0.94,0.97,0.87,0.78,0.73,0.71,0.74
Sweden,Information and communication,3,2.69,2.53,2.55,2.64,2.65,2.66,2.61,2.63,2.67
United Kingdom,Information and communication,45.22,37.8,38.81,37.06,41.64,36.51,38.99,42.18,41.95,41.34
Iceland,Information and communication,0.2,0.18,0.16,0.15,0.14,0.15,0.14,0.13,0.12,-1
Norway,Information and communication,0.6,0.57,0.52,0.49,0.45,0.41,0.36,0.32,0.27,-1
Switzerland,Information and communication,3.3,3.43,3.48,2.97,3,3.17,3.09,2.94,3.31,-1
Serbia,Information and communication,-1,-1,1.26,1.5,0.98,1.09,1.16,-1,-1,-1
Turkey,Information and communication,3.53,3.4,3.3,3.28,4.52,5.05,5.38,20.08,20.57,-1
EU28,Financial and insurance activities,207.27,208.75,224.69,229.89,230.48,225.63,220.15,225.12,235.87,257.85
Belgium,Financial and insurance activities,4.09,5.58,7.39,6.31,5.73,5.88,7.37,1.42,1.48,1.48
Bulgaria,Financial and insurance activities,1.49,1.17,1.09,0.99,0.9,0.57,0.73,0.11,0.13,0.13
Czechia,Financial and insurance activities,2.9,2.46,2.39,2.83,3.17,2.73,3.08,3.15,2.84,2.91
Denmark,Financial and insurance activities,1.64,1.58,1.61,1.74,1.65,1.61,1.54,1.53,1.81,1.77
Germany,Financial and insurance activities,19.87,16.13,17.49,17.4,17.41,18.84,19.17,19.87,20.92,21.24
Estonia,Financial and insurance activities,0.29,0.36,0.34,0.21,0.26,0.14,0.19,0.2,0.2,0.18
Ireland,Financial and insurance activities,1.8,1.93,1.87,1.88,1.86,1.99,1.93,1.84,1.96,1.97
Greece,Financial and insurance activities,4.26,3.96,3.94,3.99,3.82,3.91,4.2,4.89,5.03,4.65
Spain,Financial and insurance activities,1.96,2.69,1.39,1.32,1.35,1.61,1.47,1.15,1.26,1.28
France,Financial and insurance activities,20.36,18.03,19.95,19.78,20.17,20.75,21.31,22.12,22.41,22.67
Croatia,Financial and insurance activities,0.59,0.61,0.59,0.53,0.48,0.46,0.44,0.5,0.51,0.52
Italy,Financial and insurance activities,12.05,11.76,10.9,9.94,9.62,9.7,9.16,9.41,9.2,9.26
Cyprus,Financial and insurance activities,0.45,0.39,0.39,0.4,0.3,0.36,0.32,0.41,0.43,0.25
Latvia,Financial and insurance activities,0.36,0.19,0.2,0.12,0.14,0.13,0.12,0.14,0.14,0.17
Lithuania,Financial and insurance activities,0.31,0.32,0.3,0.3,0.26,0.25,0.24,0.21,0.23,0.24
Luxembourg,Financial and insurance activities,0.83,0.66,0.77,0.56,1,0.8,0.53,0.48,0.5,0.52
Hungary,Financial and insurance activities,1.92,2.1,2.19,2.44,2.28,2.11,2.04,2.36,2.26,2.35
Malta,Financial and insurance activities,0.04,0.03,0.03,0.03,0.03,0.03,0.03,0.03,0.03,0.04
Netherlands,Financial and insurance activities,4.65,5.17,5.04,4.94,4.69,4.52,5,4.48,5.5,5.6
Austria,Financial and insurance activities,1.36,1.3,1.3,1.41,0.55,0.73,0.77,1.82,0.88,0.89
Poland,Financial and insurance activities,97.87,105.2,117.37,126.48,126.68,114.04,112.93,122.9,132.44,143.37
Portugal,Financial and insurance activities,7.1,4.9,4.4,3.3,3.1,3.1,2.8,2.9,2.5,2.55
Romania,Financial and insurance activities,2.37,1.31,2.1,1.9,1.91,1.81,1.95,2.27,1.73,1.72
Slovenia,Financial and insurance activities,0.24,0.06,0.06,0.04,0.03,0.03,0.06,0.06,0.08,0.07
Slovakia,Financial and insurance activities,14.44,14.27,14.63,13.85,16.44,22.4,15.15,12.99,12.92,23.22
Finland,Financial and insurance activities,2.41,4.96,5.06,5.37,4.42,4.96,5.34,5.43,5.84,6.13
Sweden,Financial and insurance activities,1.4,1.45,1.75,1.65,2.04,2.03,2.11,2.27,2.5,2.53
United Kingdom,Financial and insurance activities,0.2,0.16,0.17,0.17,0.17,0.15,0.15,0.15,0.15,0.16
Iceland,Financial and insurance activities,0.18,0.23,0.44,0.47,0.28,0.18,0.14,0.16,0.17,-1
Norway,Financial and insurance activities,1.95,1.74,1.04,0.69,0.51,0.34,0.17,0.1,0.1,-1
Switzerland,Financial and insurance activities,5.86,5.84,5.92,5.31,5.24,5.45,4.82,4.79,5.27,-1
Serbia,Financial and insurance activities,-1,-1,5.16,5.29,3.63,3.68,4.24,-1,-1,-1
Turkey,Financial and insurance activities,4.99,4.81,4.67,4.64,6.38,7.14,7.61,27.31,28,-1
EU28,Real estate activities,142.57,143.55,145.86,149.04,161.66,156.57,146.69,142.95,146.22,174.32
Belgium,Real estate activities,2.82,3.25,3.66,2.97,3.66,3.69,4.38,1.81,1.74,1.74
Bulgaria,Real estate activities,0.57,0.49,0.47,0.7,0.46,0.32,0.49,0.31,0.33,0.33
Czechia,Real estate activities,4.92,10,2.68,2.64,2.07,2.05,5.1,1.89,1.46,1.5
Denmark,Real estate activities,2.65,2.66,3.54,3.47,4.43,3.59,3.58,3.98,3.84,3.75
Germany,Real estate activities,17.32,16.46,17.28,17.78,16.81,17.31,18.61,20.43,21.53,21.58
Estonia,Real estate activities,4.93,6.77,4.96,5.08,17.06,5.79,8.86,9.02,8.63,7.99
Ireland,Real estate activities,0.19,0.18,0.19,0.16,0.17,0.16,0.15,0.14,0.15,0.15
Greece,Real estate activities,0.01,1.02,0.41,0.41,0.49,0.4,0.43,0.43,0.44,0.41
Spain,Real estate activities,0.52,0.65,0.42,0.34,0.36,0.27,0.27,0.27,0.3,0.3
France,Real estate activities,10.3,9.37,12.08,12.03,12.19,12.51,12.71,13.07,13.2,13.35
Croatia,Real estate activities,1.29,1.33,1.29,1.21,1.09,1.04,0.97,1.09,1.12,1.13
Italy,Real estate activities,5.41,5.72,5.76,5.19,4.98,5.04,4.73,5.07,5.13,5.17
Cyprus,Real estate activities,0.29,0.43,0.26,0.19,0.14,0.13,0.13,0.19,0.21,0.14
Latvia,Real estate activities,2.38,2.07,2.42,2.24,2.38,2.72,2.57,3.45,3.08,3.63
Lithuania,Real estate activities,0.31,0.3,0.3,0.34,0.38,0.47,0.59,0.63,0.61,0.65
Luxembourg,Real estate activities,0.06,0.06,0.1,0.12,0.29,0.31,0.27,0.39,0.37,0.38
Hungary,Real estate activities,2.2,2.4,2.57,2.81,2.64,2.61,2.47,3.04,2.93,3.05
Malta,Real estate activities,0.02,0.02,0.02,0.02,0.02,0.02,0.02,0.02,0.02,0.03
Netherlands,Real estate activities,2.77,2.66,2.54,2.4,2.1,2.24,2.46,2.35,2.01,2.04
Austria,Real estate activities,1.16,1.19,1.29,1.48,0.5,0.03,0.03,0.03,0.78,0.79
Poland,Real estate activities,18.19,17.93,22.21,29.42,24.04,18.6,19.29,20.85,22.55,24.53
Portugal,Real estate activities,1.3,0.7,0.7,0.5,0.4,0.4,0.4,0.4,0.4,0.41
Romania,Real estate activities,5.18,2.94,4.6,4.14,4.23,3.94,4.25,4.92,3.76,3.74
Slovenia,Real estate activities,0.65,0.53,0.46,0.38,0.27,0.25,0.12,0.12,0.14,0.13
Slovakia,Real estate activities,37.32,36.75,37.25,35.97,41.67,54.8,38.54,33.62,33.53,59.12
Finland,Real estate activities,4.12,3.72,5.71,3.19,2.97,2.55,2.4,2.31,2.5,2.63
Sweden,Real estate activities,9.05,8.28,7.08,8.37,10.27,10.09,7.6,7.87,9.96,9.95
United Kingdom,Real estate activities,6.63,5.68,5.63,5.48,5.58,5.23,5.28,5.24,5.49,5.72
Iceland,Real estate activities,0.19,0.17,0.18,0.18,0.16,0.17,0.18,0.19,0.23,-1
Norway,Real estate activities,0.48,0.51,0.38,0.39,0.44,0.47,0.49,0.51,0.51,-1
Switzerland,Real estate activities,2.64,2.53,2.12,1.87,1.95,2.36,2.11,1.5,1.8,-1
Serbia,Real estate activities,-1,-1,0.76,0.67,0.36,0.22,0.19,-1,-1,-1
Turkey,Real estate activities,3.28,3.16,3.06,3.05,4.19,4.69,5,46.37,46.77,-1
EU28,"Professional, scientific and technical activities",428.53,403.83,386.22,376.7,366.08,370.84,373.35,393,396.72,415.07
Belgium,"Professional, scientific and technical activities",15.51,16.64,18.03,15.01,16.82,18.28,18.28,21.28,21.14,21.12
Bulgaria,"Professional, scientific and technical activities",2.17,1.74,1.64,1.56,1.46,0.93,1.4,0.69,0.97,0.96
Czechia,"Professional, scientific and technical activities",3.92,4.81,8.13,7.64,8.78,8.07,7.91,8.72,8.62,8.83
Denmark,"Professional, scientific and technical activities",4.33,4.4,4.72,4.63,4.74,4.1,4.24,4.37,4.47,4.37
Germany,"Professional, scientific and technical activities",150.73,148.73,130.98,132.04,110.32,113.21,122.57,128.06,132.8,134.86
Estonia,"Professional, scientific and technical activities",1.85,2.55,1.59,1.24,2.42,0.9,1.46,1.51,1.48,1.41
Ireland,"Professional, scientific and technical activities",0.94,0.87,0.89,0.8,0.92,0.9,0.84,0.79,0.85,0.85
Greece,"Professional, scientific and technical activities",1.76,2.2,1.95,2.25,2.62,2.21,2.9,3.15,3.28,3.26
Spain,"Professional, scientific and technical activities",2.75,3.46,2.89,2.6,2.57,2.41,2.25,2.2,2.42,2.45
France,"Professional, scientific and technical activities",44.74,44.38,40.13,40.15,41.88,44.23,42.5,44.61,45.26,45.91
Croatia,"Professional, scientific and technical activities",2.65,2.69,2.59,2.3,2.17,2.14,2.02,2.19,2.33,2.34
Italy,"Professional, scientific and technical activities",32.93,21.17,19.29,17.53,15.64,15.49,14.78,15.56,15.07,15.17
Cyprus,"Professional, scientific and technical activities",1.28,1.66,1.73,1.56,1.28,1.15,1.14,1.33,1.51,1.16
Latvia,"Professional, scientific and technical activities",2.31,1.18,1.09,0.7,1.19,1.12,0.67,0.81,0.98,1.1
Lithuania,"Professional, scientific and technical activities",0.82,0.62,0.64,0.83,0.72,0.76,1.25,1.24,1.32,1.39
Luxembourg,"Professional, scientific and technical activities",0.34,0.34,0.41,0.44,0.57,0.74,0.73,0.86,0.75,0.77
Hungary,"Professional, scientific and technical activities",2.88,2.59,2.76,3.31,3.14,3.18,3.28,4.05,3.98,3.88
Malta,"Professional, scientific and technical activities",0.79,0.61,0.5,0.5,0.68,0.48,0.31,0.24,0.6,0.3
Netherlands,"Professional, scientific and technical activities",11.11,10.72,10.4,9.74,9.58,11.64,10.96,10.81,10.74,11
Austria,"Professional, scientific and technical activities",4.29,4.29,4.53,5.08,1.79,2.64,3.1,6.05,3.15,3.17
Poland,"Professional, scientific and technical activities",22.63,23.5,24.69,23.63,21.33,20.58,19.26,20.67,22.63,24.48
Portugal,"Professional, scientific and technical activities",4.4,3.7,3.7,3.4,3.3,3.4,3.5,3.4,3.5,3.55
Romania,"Professional, scientific and technical activities",10.42,8.58,8.94,8.63,9.2,8.7,9.97,9.77,9.52,9.46
Slovenia,"Professional, scientific and technical activities",0.35,0.69,0.62,0.48,0.33,0.32,0.33,0.35,0.42,0.39
Slovakia,"Professional, scientific and technical activities",32.96,32.75,32.98,32.66,36.6,44.56,34.76,31.13,30.56,45.8
Finland,"Professional, scientific and technical activities",0.71,0.64,0.62,0.57,0.51,0.58,0.66,0.65,0.68,0.71
Sweden,"Professional, scientific and technical activities",9.47,8.74,8.65,8.75,9.32,9.7,10.06,10.38,10.34,10.48
United Kingdom,"Professional, scientific and technical activities",59.5,49.58,51.14,48.66,56.2,48.41,52.23,58.13,57.36,55.9
Iceland,"Professional, scientific and technical activities",0.26,0.26,0.21,0.19,0.19,0.18,0.18,0.19,0.2,-1
Norway,"Professional, scientific and technical activities",0,0,0,0,0,0,0,0,0,-1
Switzerland,"Professional, scientific and technical activities",10.98,10.69,11.18,9.99,10.33,10.46,8.4,8.83,8.9,-1
Serbia,"Professional, scientific and technical activities",-1,-1,2.3,2.77,1.78,2.01,2,-1,-1,-1
Turkey,"Professional, scientific and technical activities",8.63,8.29,8.01,7.95,10.91,12.17,12.92,40.13,41.32,-1
EU28,Administrative and support service activities,661.68,589.99,573.35,575.99,592.87,595,600.05,635.8,628.49,651.47
Belgium,Administrative and support service activities,27.82,25.73,23.81,25.75,30.88,32.06,25.16,22.49,20.88,20.87
Bulgaria,Administrative and support service activities,2.14,1.82,1.75,1.73,1.7,1.1,1.57,1.72,1.73,1.72
Czechia,Administrative and support service activities,16.52,13.28,15.76,13.88,13.44,15.12,20.27,21.55,21.33,21.86
Denmark,Administrative and support service activities,6.55,6.26,6.74,7.67,7.34,6.57,7.3,8.05,8.53,8.31
Germany,Administrative and support service activities,14.72,14.63,18.4,20.3,16.59,16.93,14.62,18.78,19.23,19.63
Estonia,Administrative and support service activities,1.16,1.41,0.86,1.69,1.57,0.81,1.46,1.52,1.49,1.41
Ireland,Administrative and support service activities,1.3,1.09,1.03,1.05,1.14,1.08,1.09,0.54,1,1
Greece,Administrative and support service activities,2.48,2.65,2.27,2.42,4.96,4.11,4.89,4.81,4.97,4.6
Spain,Administrative and support service activities,2.52,2.64,1.94,1.78,1.82,1.45,1.32,1.17,1.29,1.3
France,Administrative and support service activities,251.33,209.14,192.87,196.26,202.95,209.81,214.8,221.85,226.2,227.62
Croatia,Administrative and support service activities,2.16,2.19,2.11,1.87,1.75,1.82,1.68,1.8,2,2.02
Italy,Administrative and support service activities,60.85,57.87,49.67,48.27,46.07,45.41,40.98,42.68,39.64,39.92
Cyprus,Administrative and support service activities,2.69,2.54,2.52,2.12,2.05,1.61,1.63,1.79,1.69,0.93
Latvia,Administrative and support service activities,2.14,1.61,1.18,1.46,1.5,1.34,1.28,1.57,1.39,1.68
Lithuania,Administrative and support service activities,0.84,0.59,0.62,0.7,0.58,0.65,0.61,0.56,0.61,0.64
Luxembourg,Administrative and support service activities,0.38,0.4,0.63,0.83,0.84,0.86,1.43,1.59,1.39,1.44
Hungary,Administrative and support service activities,8.07,7.95,8.06,8.87,9.07,10.44,13.47,18.04,17.72,18.38
Malta,Administrative and support service activities,0.3,0.24,0.24,0.23,0.24,0.23,0.23,0.24,0.23,0.26
Netherlands,Administrative and support service activities,61.08,57.59,51.46,50.24,49.83,48.24,44.01,45.14,38.38,39.29
Austria,Administrative and support service activities,5.91,6.14,6.69,7.72,2.56,4.66,6.18,12.88,5.6,5.7
Poland,Administrative and support service activities,23.94,24.97,29.23,29.21,32.12,29.32,30.61,33.29,36.35,39.52
Portugal,Administrative and support service activities,7,6.7,6.8,6.6,6.2,6.2,6.8,6.8,7.2,7.35
Romania,Administrative and support service activities,8.78,8.04,7.68,8.12,8.46,8.08,8.75,8.86,9.18,9.12
Slovenia,Administrative and support service activities,0.53,0.31,0.32,0.33,0.33,0.34,0.36,0.38,0.43,0.39
Slovakia,Administrative and support service activities,16.86,16.73,16.93,16.46,19.12,24.05,17.59,15.54,15.45,30.32
Finland,Administrative and support service activities,9.48,6.63,9.77,9.34,8.77,9.04,11.97,11.97,13,13.73
Sweden,Administrative and support service activities,8.02,8.38,9.75,10.93,11.86,12.84,13.18,14.76,16.12,16.36
United Kingdom,Administrative and support service activities,116.11,102.46,104.27,100.14,109.17,100.82,106.82,115.43,115.44,116.09
Iceland,Administrative and support service activities,0.51,0.47,0.47,0.49,0.54,0.62,0.68,0.81,1.01,-1
Norway,Administrative and support service activities,0,0,0,0,0,0,0,0,0,-1
Switzerland,Administrative and support service activities,5.92,5.72,6.1,5.76,5.85,6.22,6.24,6.18,6.3,-1
Serbia,Administrative and support service activities,-1,-1,4.42,4.45,2.98,2.78,2.83,-1,-1,-1
Turkey,Administrative and support service activities,63.07,60.75,58.96,58.59,80.67,90.25,96.13,116.57,125.68,-1
EU28,Public administration and defence; compulsory social security,1001.55,1042.41,896.92,837.1,753.85,773.97,740.95,729.38,734.33,683.37
Belgium,Public administration and defence; compulsory social security,34.52,30.1,25.47,21.26,22.83,23.3,24.42,28,29.58,29.57
Bulgaria,Public administration and defence; compulsory social security,2.75,2.09,1.95,1.92,1.62,1.03,1.06,0.14,0.14,0.14
Czechia,Public administration and defence; compulsory social security,5.19,7.33,4.73,6.12,8.67,5.25,9.63,7.9,7.92,7.39
Denmark,Public administration and defence; compulsory social security,8.31,11.37,10.97,14.22,13.9,14.86,14.97,14.24,15.16,15.59
Germany,Public administration and defence; compulsory social security,129.02,129.22,130.82,143.8,66.92,63.53,69.08,71.31,73.9,51.58
Estonia,Public administration and defence; compulsory social security,28.57,33.23,23.85,22.31,20.4,18.93,42.95,43.44,43.28,2.83
Ireland,Public administration and defence; compulsory social security,3.48,3.46,3.71,3.86,3.79,2.41,3.01,2.87,2.29,2.31
Greece,Public administration and defence; compulsory social security,19.55,13.49,10.79,10.58,8.3,8.15,8.21,12.42,12.95,13.7
Spain,Public administration and defence; compulsory social security,44.57,43.84,42.51,39.47,36.83,42.56,51.25,58.58,63.04,64.13
France,Public administration and defence; compulsory social security,30.65,33.06,33.94,31.41,30.78,32.51,23.29,23.43,22.28,22.71
Croatia,Public administration and defence; compulsory social security,1.91,1.92,1.84,1.55,1.49,1.55,1.47,1.56,1.74,1.75
Italy,Public administration and defence; compulsory social security,238.22,270.4,160.3,129.02,121.45,162.59,110.61,89.37,82.5,83.08
Cyprus,Public administration and defence; compulsory social security,2.99,2.9,2.87,2.98,2.74,2.43,2.3,2.16,2.51,3.06
Latvia,Public administration and defence; compulsory social security,12.01,10.21,11.1,7.81,10.33,10.23,10.47,8.35,10.44,11.45
Lithuania,Public administration and defence; compulsory social security,1.85,1.61,1.81,1.75,1.38,1.69,2.12,1.98,1.69,1.73
Luxembourg,Public administration and defence; compulsory social security,0.33,0.33,0.47,0.43,0.39,0.45,0.35,0.3,0.28,0.29
Hungary,Public administration and defence; compulsory social security,8.15,8.31,8.64,9.43,9.56,9.95,10.62,13.31,13.18,13.55
Malta,Public administration and defence; compulsory social security,0.07,0.05,0.05,0.05,0.06,0.06,0.06,0.07,0.07,0.1
Netherlands,Public administration and defence; compulsory social security,104.71,101.24,102.52,103.4,105.53,103.03,104.22,103.45,105.37,103.21
Austria,Public administration and defence; compulsory social security,5.63,5.4,5.58,5.29,4.32,4.4,4.42,5.28,4.66,4.67
Poland,Public administration and defence; compulsory social security,55.39,61.8,71.62,55.58,57.83,51.22,49.72,53.28,57.44,63.31
Portugal,Public administration and defence; compulsory social security,17.1,16.1,13.6,10,9.4,10.6,10.9,13.4,13.7,13.84
Romania,Public administration and defence; compulsory social security,9.3,29.39,7.5,7.07,7.23,6.7,7.86,7.44,7.17,7.12
Slovenia,Public administration and defence; compulsory social security,0.38,0.27,0.26,0.26,0.27,0.28,0.45,0.46,0.52,0.5
Slovakia,Public administration and defence; compulsory social security,27.13,27.35,27.38,26.8,29.93,36.71,28.15,25.07,24.75,27.17
Finland,Public administration and defence; compulsory social security,13.73,13.48,15.59,14.57,13.61,13.8,12.38,12.94,15.19,15.88
Sweden,Public administration and defence; compulsory social security,12.67,17.18,13.68,13.78,13.28,11.69,11.93,13.37,13.09,13.2
United Kingdom,Public administration and defence; compulsory social security,183.37,167.3,163.34,152.36,151.04,134.08,125.04,115.24,109.47,109.51
Iceland,Public administration and defence; compulsory social security,0.23,0.22,0.2,0.19,0.18,0.19,0.18,0.2,0.21,-1
Norway,Public administration and defence; compulsory social security,7.4,8.35,9.47,8.85,9.41,10.67,9.44,8.6,9.11,-1
Switzerland,Public administration and defence; compulsory social security,30.84,30.11,31.43,28.6,29.23,28.27,27.21,26.7,26.26,-1
Serbia,Public administration and defence; compulsory social security,-1,-1,3,3.86,2.17,2.37,2.41,-1,-1,-1
Turkey,Public administration and defence; compulsory social security,3.4,3.27,3.18,3.16,4.35,4.86,5.18,27.64,28.09,-1
EU28,Education,204.52,197.91,199.7,190.07,180.3,187.6,182.29,187.91,201.5,216.54
Belgium,Education,12.92,8.18,8.04,6.55,6.28,6.66,6.48,9.58,19,18.99
Bulgaria,Education,9.99,7.53,6.99,6.57,5.8,3.65,4.08,0.33,0.34,0.33
Czechia,Education,2.54,8.06,3.81,4.2,3.39,5.66,3.33,4.12,3.34,3.42
Denmark,Education,3.56,4.15,4.46,4.55,4.61,4.73,4.92,5.38,5.47,5.89
Germany,Education,37.68,31.08,38.79,37.67,36.66,35.62,33.21,34.47,35.66,36.12
Estonia,Education,6.11,5.64,4.13,7.32,2.26,5.1,4.56,4.65,4.47,4.12
Ireland,Education,1.92,1.92,1.77,1.96,1.82,0.91,1.24,1.05,1.22,1.23
Greece,Education,9.72,7.12,5.64,5.24,4.24,4.13,4.24,6.36,6.53,6.03
Spain,Education,7.86,9.8,7.79,7.13,4.23,3.88,7.17,7.49,8.21,8.4
France,Education,22.88,24.91,23.54,21.54,21.58,23.74,30.33,32.74,31.13,31.48
Croatia,Education,1.02,1.04,1,0.89,0.81,0.84,0.78,0.85,0.95,0.96
Italy,Education,0.81,0.83,0.84,0.78,1.26,1.71,2.63,1.66,1.88,1.9
Cyprus,Education,0.63,0.73,0.73,0.68,0.53,0.58,0.43,0.46,0.5,0.3
Latvia,Education,2.54,3.02,2.58,1.75,3.43,1.73,1.27,1,1.43,1.69
Lithuania,Education,1.87,1.65,1.71,2.06,1.77,1.72,1.57,1.24,1.37,1.44
Luxembourg,Education,0.11,0.11,0.19,0.14,0.22,0.26,0.2,0.28,0.29,0.3
Hungary,Education,2.07,1.98,1.89,1.84,1.7,1.48,1.45,1.82,1.79,1.87
Malta,Education,0.02,0.02,0.02,0.02,0.02,0.02,0.02,0.02,0.02,0.03
Netherlands,Education,2.84,2.93,3.21,2.86,2.91,2.95,2.66,2.73,2.74,2.8
Austria,Education,7.27,5.99,5.56,4.83,3.62,3.61,3.43,5.27,4.41,4.48
Poland,Education,21.56,23.16,28.53,25.62,26.21,24.77,23.17,24.24,26.19,28.47
Portugal,Education,3.1,3,2.8,2.6,2.3,2.6,2.4,2.7,3.1,3.16
Romania,Education,3.22,2.18,2.84,2.65,2.62,2.55,2.82,3.05,2.63,2.61
Slovenia,Education,0.85,0.82,0.71,0.6,0.45,0.46,0.37,0.39,0.45,0.42
Slovakia,Education,16.41,16.24,16.4,15.8,18.24,23.72,16.95,14.75,14.73,26.6
Finland,Education,1.8,2.3,2.2,1.83,1.8,1.86,1.81,1.74,1.82,1.91
Sweden,Education,4.02,5.62,5.08,4.94,5.21,5.37,4.28,4.42,5.44,5.5
United Kingdom,Education,19.18,17.88,18.43,17.47,16.34,17.29,16.5,15.1,16.38,16.12
Iceland,Education,0.03,0.03,0.03,0.03,0.04,0.04,0.04,0.04,0.04,-1
Norway,Education,1.13,1.31,1.69,1.42,1.48,2.16,1.69,1.63,1.63,-1
Switzerland,Education,1.03,1,1.06,0.98,0.98,1.06,0.97,0.91,0.95,-1
Serbia,Education,-1,-1,2.47,3.19,1.69,1.92,1.86,-1,-1,-1
Turkey,Education,3.16,3.05,2.96,2.94,4.05,4.53,4.82,22.9,23.32,-1
EU28,Human health and social work activities,9625.34,9293.95,9047.21,8612.16,8340.07,7764.03,7542.49,7210.86,7219.79,7174.11
Belgium,Human health and social work activities,289.44,297.44,291.45,306.17,283.58,270.95,299.71,324.95,258.04,258.05
Bulgaria,Human health and social work activities,2.27,1.52,1.45,1.4,1.2,0.84,0.57,0.49,0.45,0.45
Czechia,Human health and social work activities,754.52,757.41,755.26,755.25,756.49,756.75,755.91,756.21,757.07,757.13
Denmark,Human health and social work activities,38.79,51.84,39.99,47.85,35.41,43.86,43.59,44.19,44.49,45.25
Germany,Human health and social work activities,408.11,383.59,384.44,376.28,349.44,325.62,314.82,332.95,349.72,349.97
Estonia,Human health and social work activities,17.24,15.86,16.56,17.13,15.41,14.53,13.08,15.28,12.93,11.89
Ireland,Human health and social work activities,135.24,136.73,137.33,138.06,138.8,138.72,139.26,139.91,143.82,144.45
Greece,Human health and social work activities,10.01,8.09,6.16,5.44,5.35,5.25,5.03,6.25,6.6,6.99
Spain,Human health and social work activities,2486.85,2401.11,2277.23,1986.19,1593.92,1304.73,1312.82,1043.48,1107.08,1107.21
France,Human health and social work activities,321.5,327.18,325.78,326.45,325.72,330.62,336.28,338.32,335.57,336.38
Croatia,Human health and social work activities,1.28,1.3,1.26,1.12,1.04,1.05,0.98,1.07,1.16,1.16
Italy,Human health and social work activities,1879.5,1698.83,1535.2,1386.89,1574.6,1422.95,1274.24,1102.04,1073,1080.54
Cyprus,Human health and social work activities,18.08,18.56,18.97,19.43,19.52,19.34,19.15,19.2,19.36,19.36
Latvia,Human health and social work activities,10.38,12.46,12.9,14.76,13.04,13.77,13.66,14.04,13.46,10.23
Lithuania,Human health and social work activities,22.98,39.98,19.56,20.56,16.85,17.14,18.5,17.29,16.64,17.97
Luxembourg,Human health and social work activities,18.12,16.01,12.36,11.76,11.26,10.28,10.99,10.69,10.99,10.04
Hungary,Human health and social work activities,26.04,22.97,22.81,24.93,21.33,20.62,19.04,20.29,20.24,11.03
Malta,Human health and social work activities,2.21,1.7,1.37,1.38,1.91,1.3,0.79,0.57,1.64,0.7
Netherlands,Human health and social work activities,93.1,90.24,79.98,96.3,74.47,78.97,63.68,50.34,53.56,53.67
Austria,Human health and social work activities,107.65,72.35,86.97,74.92,55.31,62.77,54.46,50.21,50.43,50.43
Poland,Human health and social work activities,418.86,422.85,426.86,425.03,424.53,424.26,423.99,425.45,427.6,430.15
Portugal,Human health and social work activities,18.5,16.6,14.5,12.6,11.4,13.1,13.5,15.9,17.2,17.29
Romania,Human health and social work activities,5.47,15.67,17.84,17.79,17.52,16.65,16.3,17.89,17.16,17.05
Slovenia,Human health and social work activities,89.83,100.87,98.76,159.67,196.5,120.51,80.43,127.96,128.04,69.01
Slovakia,Human health and social work activities,19.42,19.07,19.36,18.64,21.35,27.15,20.16,17.81,17.45,18.24
Finland,Human health and social work activities,113.58,83.03,93.11,89,88.03,78.15,4.32,3.95,4.34,4.36
Sweden,Human health and social work activities,406.37,361.08,414.23,327.62,321.11,269.11,296.88,306.73,308.16,308.23
United Kingdom,Human health and social work activities,1910,1919.64,1935.5,1949.56,1964.97,1975.05,1990.36,2007.4,2023.59,2036.89
Iceland,Human health and social work activities,0.11,0.09,0.08,0.08,0.07,0.07,0.07,0.08,0.08,-1
Norway,Human health and social work activities,99.42,105.8,91.31,85.07,82.69,85.45,73.09,72.08,66.98,-1
Switzerland,Human health and social work activities,64.25,58.27,59.24,51.05,49.63,35.5,36.92,34.01,29.06,-1
Serbia,Human health and social work activities,-1,-1,3.12,4.06,2.18,2.37,2.3,-1,-1,-1
Turkey,Human health and social work activities,3.91,3.7,3.49,3.45,4.62,5.06,5.28,24.6,25.07,-1
EU28,"Arts, entertainment and recreation",136.92,136.75,136.43,134.3,131.11,128.93,121.7,132.23,131.26,136.54
Belgium,"Arts, entertainment and recreation",2.5,2.49,2.83,2.54,2.88,3.06,3.01,2.67,2.75,2.75
Bulgaria,"Arts, entertainment and recreation",0.8,0.64,0.59,0.56,0.51,0.34,0.52,0.15,0.16,0.16
Czechia,"Arts, entertainment and recreation",1.86,1.77,1.52,1.6,1.58,1.55,1.67,1.7,1.75,1.8
Denmark,"Arts, entertainment and recreation",1.12,1.4,1.5,1.62,1.59,1.63,1.52,1.63,1.89,1.86
Germany,"Arts, entertainment and recreation",44.29,42.94,46.96,50.15,44.1,44.51,37.22,40.9,42.43,43.04
Estonia,"Arts, entertainment and recreation",1.76,2.08,1.62,1.61,0.99,1.22,1.97,2.02,1.95,1.88
Ireland,"Arts, entertainment and recreation",0.45,0.41,0.37,0.32,0.35,0.29,0.26,0.24,0.26,0.26
Greece,"Arts, entertainment and recreation",0.52,3.2,1.85,1.87,1.86,1.84,2.11,2.22,2.32,2.16
Spain,"Arts, entertainment and recreation",2.16,3.85,2.16,2.29,1.82,1.71,1.42,1.63,1.8,1.82
France,"Arts, entertainment and recreation",9.76,10.23,9.97,9.58,9.14,9.62,10.31,10.48,10.08,10.25
Croatia,"Arts, entertainment and recreation",0.44,0.44,0.43,0.38,0.35,0.37,0.34,0.37,0.42,0.42
Italy,"Arts, entertainment and recreation",9.35,9.42,8.98,8.1,7.78,7.79,7.22,7.66,7.54,7.59
Cyprus,"Arts, entertainment and recreation",0.48,0.62,0.6,0.48,0.45,0.4,0.32,0.45,0.47,0.38
Latvia,"Arts, entertainment and recreation",0.47,0.39,0.33,0.13,0.17,0.18,0.17,0.2,0.22,0.25
Lithuania,"Arts, entertainment and recreation",0.29,0.29,0.28,0.31,0.31,0.36,0.34,0.3,0.32,0.34
Luxembourg,"Arts, entertainment and recreation",0.13,0.11,0.2,0.15,0.2,0.13,0.12,0.1,0.1,0.1
Hungary,"Arts, entertainment and recreation",0.3,0.29,0.33,0.36,0.34,0.34,0.35,0.45,0.44,0.46
Malta,"Arts, entertainment and recreation",0.01,0.01,0.01,0.01,0.01,0.01,0.01,0.01,0.01,0.02
Netherlands,"Arts, entertainment and recreation",2.79,2.87,3.33,3.12,3.35,3.41,3.13,3.32,3.6,3.67
Austria,"Arts, entertainment and recreation",4.6,4.09,4.13,4,2.97,3.13,3,5.85,4.13,4.18
Poland,"Arts, entertainment and recreation",4.29,4.6,7.02,6.26,6.65,5.8,5.57,5.94,6.43,7.05
Portugal,"Arts, entertainment and recreation",2.8,2.4,2.3,2,2,2.1,2.2,2.7,2.8,2.84
Romania,"Arts, entertainment and recreation",1.6,1.34,1.46,1.46,1.48,1.52,1.69,1.75,1.74,1.73
Slovenia,"Arts, entertainment and recreation",0.24,0.28,0.26,0.22,0.2,0.19,0.08,0.08,0.09,0.09
Slovakia,"Arts, entertainment and recreation",7.24,7.51,7.42,7.49,8.23,9.58,7.92,7.22,6.61,10.94
Finland,"Arts, entertainment and recreation",1.65,1.48,1.3,1.49,2.19,2.42,2.88,3.12,3.22,3.37
Sweden,"Arts, entertainment and recreation",2.32,2.25,2.32,2.28,2.49,2.42,2.53,2.66,2.74,2.77
United Kingdom,"Arts, entertainment and recreation",32.7,29.37,26.37,23.93,27.12,23,23.83,26.43,24.98,24.36
Iceland,"Arts, entertainment and recreation",0.07,0.06,0.06,0.06,0.06,0.06,0.06,0.06,0.06,-1
Norway,"Arts, entertainment and recreation",0,0,0,0,0,0,0,0,0,-1
Switzerland,"Arts, entertainment and recreation",7.89,8.25,8.86,9,9.87,10.31,10.29,11.32,11.04,-1
Serbia,"Arts, entertainment and recreation",-1,-1,0.51,0.68,0.39,0.43,0.44,-1,-1,-1
Turkey,"Arts, entertainment and recreation",1.21,1.16,1.13,1.12,1.54,1.72,1.84,6.46,6.62,-1
EU28,Other service activities,230.34,221.64,222.82,219.35,207.69,208.73,196.39,208.77,206.06,220.82
Belgium,Other service activities,7.47,7.27,7,6.57,7.12,7.35,6.02,4.46,4.43,4.43
Bulgaria,Other service activities,0.81,0.66,0.61,0.59,0.54,0.35,0.4,0.14,0.16,0.16
Czechia,Other service activities,1.38,1.81,2.32,1.97,1.76,1.66,1.7,1.79,1.83,1.87
Denmark,Other service activities,2.83,2.92,3.2,2.81,3.17,2.95,2.87,3.11,3.19,3.14
Germany,Other service activities,83.17,82.62,85.86,88.12,75.31,73.99,60.44,66.41,68.89,70.25
Estonia,Other service activities,0.79,0.5,0.36,0.69,0.9,0.77,0.78,0.81,0.79,0.72
Ireland,Other service activities,0.22,0.21,0.22,0.5,0.36,0.24,0.26,0.22,0.25,0.25
Greece,Other service activities,12.59,10.09,7.88,7.39,6.19,7.97,9.51,8.82,8.81,8.16
Spain,Other service activities,15.02,15.34,15.26,12.57,12.61,9.56,10.12,10.17,10.98,11.25
France,Other service activities,16.6,17.31,17.02,17.03,16.64,17.53,17.65,17.85,17.22,17.36
Croatia,Other service activities,1.58,1.6,1.56,1.41,1.33,1.35,1.23,1.32,1.43,1.45
Italy,Other service activities,17.47,17.25,16.2,14.96,14.56,14.61,13.72,14.41,14.1,14.2
Cyprus,Other service activities,0.73,0.76,0.79,0.62,0.56,0.48,0.49,0.54,0.5,0.26
Latvia,Other service activities,0.28,0.12,0.11,0.4,0.33,0.11,0.16,0.22,0.23,0.27
Lithuania,Other service activities,0.44,0.39,0.36,0.45,0.37,0.39,0.37,0.27,0.31,0.33
Luxembourg,Other service activities,0.07,0.07,0.11,0.11,0.09,0.1,0.1,0.13,0.12,0.12
Hungary,Other service activities,0.92,1,1.03,1.04,1.04,1.03,1.08,1.52,1.47,1.53
Malta,Other service activities,0.04,0.03,0.03,0.03,0.03,0.03,0.03,0.03,0.03,0.04
Netherlands,Other service activities,3.6,3.73,3.93,3.94,3.89,3.93,3.87,3.89,3.93,4.01
Austria,Other service activities,6.64,5.45,5.33,4.83,4.4,5.82,8.94,16.43,8.82,8.99
Poland,Other service activities,10.73,10.87,12.34,12.75,12.77,11.74,12.68,13.7,14.96,15.96
Portugal,Other service activities,3.3,2.9,2.6,2.1,2.1,2.2,2.1,2.1,2.1,2.14
Romania,Other service activities,6.5,5.7,5.69,5.68,6.07,5.82,6.53,6.48,6.55,6.5
Slovenia,Other service activities,0.43,0.27,0.24,0.21,0.15,0.16,0.1,0.11,0.12,0.11
Slovakia,Other service activities,13.24,13.09,13.31,12.94,14.74,18.63,13.87,12.32,12.12,24.24
Finland,Other service activities,3.85,2.05,2.03,1.94,2.18,1.96,2.45,2.46,2.54,2.67
Sweden,Other service activities,2.1,1.97,2.04,2.03,2.19,2.22,2.39,2.32,2.43,2.45
United Kingdom,Other service activities,17.51,15.66,15.4,15.67,16.31,15.76,16.53,16.74,17.75,17.96
Iceland,Other service activities,0.08,0.09,0.08,0.07,0.07,0.07,0.07,0.07,0.08,-1
Norway,Other service activities,6.45,6.28,5.63,5.2,5.12,4.74,4.29,4.12,4,-1
Switzerland,Other service activities,3.72,3.76,4.24,3.42,3.53,4.09,3.79,4.01,4.16,-1
Serbia,Other service activities,-1,-1,0.84,1.03,0.6,0.63,0.69,-1,-1,-1
Turkey,Other service activities,6.32,6.07,5.88,5.84,8.02,8.95,9.52,22.67,23.55,-1
EU28,Activities of households as employers; undifferentiated goods- and services-producing activities of households for own use,7.57,5.53,5.37,4.03,4.35,4.68,3.95,3.73,3.78,4.69
Belgium,Activities of households as employers; undifferentiated goods- and services-producing activities of households for own use,0.45,0.49,0.55,0.45,0.51,0.52,0.47,0.52,0.54,0.54
Bulgaria,Activities of households as employers; undifferentiated goods- and services-producing activities of households for own use,0,0,0,0,0,0,0,0,0,0
Czechia,Activities of households as employers; undifferentiated goods- and services-producing activities of households for own use,0,0,0,0,0,0,0,0,0,0
Denmark,Activities of households as employers; undifferentiated goods- and services-producing activities of households for own use,0,0,0,0,0,0,0,0,0,0
Germany,Activities of households as employers; undifferentiated goods- and services-producing activities of households for own use,0,0,0,0,0,0,0,0,0,0
Estonia,Activities of households as employers; undifferentiated goods- and services-producing activities of households for own use,0,0,0,0,0,0,0,0,0,0
Ireland,Activities of households as employers; undifferentiated goods- and services-producing activities of households for own use,0,0,0,0,0,0,0,0,0,0
Greece,Activities of households as employers; undifferentiated goods- and services-producing activities of households for own use,2.94,1.5,1.19,0.18,0.17,0.14,0.13,0.12,0.12,0.11
Spain,Activities of households as employers; undifferentiated goods- and services-producing activities of households for own use,0,0,0,0,0,0,0,0,0,0
France,Activities of households as employers; undifferentiated goods- and services-producing activities of households for own use,0,0,0,0,0,0,0,0,0,0
Croatia,Activities of households as employers; undifferentiated goods- and services-producing activities of households for own use,0.27,0.26,0.25,0.25,0.23,0.22,0.22,0.22,0.22,0.22
Italy,Activities of households as employers; undifferentiated goods- and services-producing activities of households for own use,0,0,0,0,0,0,0,0,0,0
Cyprus,Activities of households as employers; undifferentiated goods- and services-producing activities of households for own use,0,0,0,0,0,0,0,0,0,0
Latvia,Activities of households as employers; undifferentiated goods- and services-producing activities of households for own use,0,0,0,0,0,0,0,0,0,0
Lithuania,Activities of households as employers; undifferentiated goods- and services-producing activities of households for own use,0.04,0.02,0.02,0.03,0.03,0.03,0.03,0.01,0.01,0.01
Luxembourg,Activities of households as employers; undifferentiated goods- and services-producing activities of households for own use,0,0,0,0,0,0,0,0,0,0
Hungary,Activities of households as employers; undifferentiated goods- and services-producing activities of households for own use,0,0,0,0,0,0,0,0,0,0.01
Malta,Activities of households as employers; undifferentiated goods- and services-producing activities of households for own use,0,0,0,0,0,0,0,0,0,0
Netherlands,Activities of households as employers; undifferentiated goods- and services-producing activities of households for own use,0,0,0,0,0,0,0,0,0,0
Austria,Activities of households as employers; undifferentiated goods- and services-producing activities of households for own use,0,0,0,0,0,0,0,0,0,0
Poland,Activities of households as employers; undifferentiated goods- and services-producing activities of households for own use,0,0,0,0,0,0,0,0,0,0
Portugal,Activities of households as employers; undifferentiated goods- and services-producing activities of households for own use,0,0,0,0,0,0,0,0,0,0
Romania,Activities of households as employers; undifferentiated goods- and services-producing activities of households for own use,0,0,0,0,0,0,0,0,0,0
Slovenia,Activities of households as employers; undifferentiated goods- and services-producing activities of households for own use,0,0,0,0,0,0,0,0,0,0
Slovakia,Activities of households as employers; undifferentiated goods- and services-producing activities of households for own use,1.27,1.24,1.3,1.22,1.46,2.04,1.33,1.14,1.16,2.1
Finland,Activities of households as employers; undifferentiated goods- and services-producing activities of households for own use,0,0,0,0,0,0,0,0,0,0
Sweden,Activities of households as employers; undifferentiated goods- and services-producing activities of households for own use,0,0,0,0,0,0,0,0,0,0
United Kingdom,Activities of households as employers; undifferentiated goods- and services-producing activities of households for own use,2.61,2.03,2.07,1.9,1.94,1.73,1.76,1.71,1.72,1.7
Iceland,Activities of households as employers; undifferentiated goods- and services-producing activities of households for own use,0,0,0,0,0,0,0,0,0,-1
Norway,Activities of households as employers; undifferentiated goods- and services-producing activities of households for own use,0,0,0,0,0,0,0,0,0,-1
Switzerland,Activities of households as employers; undifferentiated goods- and services-producing activities of households for own use,0,0,0,0,0,0,0,0,0,-1
Serbia,Activities of households as employers; undifferentiated goods- and services-producing activities of households for own use,-1,-1,0,0,0,0,0,-1,-1,-1
Turkey,Activities of households as employers; undifferentiated goods- and services-producing activities of households for own use,0,0,0,0,0,0,0,1.87,1.87,-1
EU28,Activities of extraterritorial organisations and bodies,0,0,0,0,0,0,0,0,0,0
Belgium,Activities of extraterritorial organisations and bodies,0,0,0,0,0,0,0,0,0,0
Bulgaria,Activities of extraterritorial organisations and bodies,0,0,0,0,0,0,0,0,0,0
Czechia,Activities of extraterritorial organisations and bodies,0,0,0,0,0,0,0,0,0,0
Denmark,Activities of extraterritorial organisations and bodies,0,0,0,0,0,0,0,0,0,0
Germany,Activities of extraterritorial organisations and bodies,0,0,0,0,0,0,0,0,0,0
Estonia,Activities of extraterritorial organisations and bodies,0,0,0,0,0,0,0,0,0,0
Ireland,Activities of extraterritorial organisations and bodies,0,0,0,0,0,0,0,0,0,0
Greece,Activities of extraterritorial organisations and bodies,0,0,0,0,0,0,0,0,0,0
Spain,Activities of extraterritorial organisations and bodies,0,0,0,0,0,0,0,0,0,0
France,Activities of extraterritorial organisations and bodies,0,0,0,0,0,0,0,0,0,0
Croatia,Activities of extraterritorial organisations and bodies,0,0,0,0,0,0,0,0,0,0
Italy,Activities of extraterritorial organisations and bodies,0,0,0,0,0,0,0,0,0,0
Cyprus,Activities of extraterritorial organisations and bodies,0,0,0,0,0,0,0,0,0,0
Latvia,Activities of extraterritorial organisations and bodies,0,0,0,0,0,0,0,0,0,0
Lithuania,Activities of extraterritorial organisations and bodies,0,0,0,0,0,0,0,0,0,0
Luxembourg,Activities of extraterritorial organisations and bodies,0,0,0,0,0,0,0,0,0,0
Hungary,Activities of extraterritorial organisations and bodies,0,0,0,0,0,0,0,0,0,0
Malta,Activities of extraterritorial organisations and bodies,0,0,0,0,0,0,0,0,0,0
Netherlands,Activities of extraterritorial organisations and bodies,0,0,0,0,0,0,0,0,0,0
Austria,Activities of extraterritorial organisations and bodies,0,0,0,0,0,0,0,0,0,0
Poland,Activities of extraterritorial organisations and bodies,0,0,0,0,0,0,0,0,0,0
Portugal,Activities of extraterritorial organisations and bodies,0,0,0,0,0,0,0,0,0,0
Romania,Activities of extraterritorial organisations and bodies,0,0,0,0,0,0,0,0,0,0
Slovenia,Activities of extraterritorial organisations and bodies,0,0,0,0,0,0,0,0,0,0
Slovakia,Activities of extraterritorial organisations and bodies,0,0,0,0,0,0,0,0,0,0
Finland,Activities of extraterritorial organisations and bodies,0,0,0,0,0,0,0,0,0,0
Sweden,Activities of extraterritorial organisations and bodies,0,0,0,0,0,0,0,0,0,0
United Kingdom,Activities of extraterritorial organisations and bodies,0,0,0,0,0,0,0,0,0,0
Iceland,Activities of extraterritorial organisations and bodies,0.01,0.01,0,0,0,0,0,0,0,-1
Norway,Activities of extraterritorial organisations and bodies,0,0,0,0,0,0,0,0,0,-1
Switzerland,Activities of extraterritorial organisations and bodies,0,0,0,0,0,0,0,0,0,-1
Serbia,Activities of extraterritorial organisations and bodies,-1,-1,0,0,0,0,0,-1,-1,-1
Turkey,Activities of extraterritorial organisations and bodies,0,0,0,0,0,0,0,0,0,-1